trade_id,source_pair_id,support_pair_ids,support_pair_count,support_pair_expectancy_mean,side,symbol,signal_dt,entry_dt,exit_dt,entry_ref_price,entry_fill_price,exit_ref_price,exit_fill_price,initial_size,initial_atr,initial_stop_price,tp1_price,tp2_price,gross_price_pnl,fee_paid_entry,fee_paid_exit,spread_cost,slippage_cost,realized_pnl,fragment_count,holding_days,final_reason,winning_position,partial_fill_ratio,latency_bars,rejected_entry_flag,friction_preset
1,combined__cand_002_AVAX_USDT__4h_ema15_dist0.008__short_cand_088_ETH_USDT__4h_ema20_dist0.000,combined__cand_002_AVAX_USDT__4h_ema15_dist0.008__short_cand_088_ETH_USDT__4h_ema20_dist0.000,1,2.8093317976574874,long,DOGE/USDT,2023-06-23,2023-06-24 00:00:00,2023-06-28 00:00:00,0.06823,0.06823,0.06307528955045924,0.06307528955045924,1939.973175581747,0.0034364736330271734,0.06307528955045924,0.07510294726605435,0.08025765771559511,-10.0,0.0,0.0,0.0,0.0,-10.0,1,4.0,stop_loss,False,1.0,0,False,frictionless_reference
2,combined__cand_002_AVAX_USDT__4h_ema15_dist0.000__short_cand_088_ETH_USDT__4h_ema20_dist0.000,combined__cand_002_AVAX_USDT__4h_ema15_dist0.000__short_cand_088_ETH_USDT__4h_ema20_dist0.000,1,2.710105416612176,long,DOGE/USDT,2023-06-23,2023-06-24 00:00:00,2023-06-28 00:00:00,0.06823,0.06823,0.06307528955045924,0.06307528955045924,1939.973175581747,0.0034364736330271734,0.06307528955045924,0.07510294726605435,0.08025765771559511,-10.0,0.0,0.0,0.0,0.0,-10.0,1,4.0,stop_loss,False,1.0,0,False,frictionless_reference
3,combined__cand_002_AVAX_USDT__4h_ema15_dist0.008__short_cand_088_ETH_USDT__4h_ema15_dist0.000,combined__cand_002_AVAX_USDT__4h_ema15_dist0.008__short_cand_088_ETH_USDT__4h_ema15_dist0.000,1,2.779529070266362,long,DOGE/USDT,2023-06-23,2023-06-24 00:00:00,2023-06-28 00:00:00,0.06823,0.06823,0.06307528955045924,0.06307528955045924,1939.973175581747,0.0034364736330271734,0.06307528955045924,0.07510294726605435,0.08025765771559511,-10.0,0.0,0.0,0.0,0.0,-10.0,1,4.0,stop_loss,False,1.0,0,False,frictionless_reference
4,combined__cand_002_AVAX_USDT__4h_ema15_dist0.000__short_cand_088_ETH_USDT__4h_ema15_dist0.000,combined__cand_002_AVAX_USDT__4h_ema15_dist0.000__short_cand_088_ETH_USDT__4h_ema15_dist0.000,1,2.672049769214279,long,DOGE/USDT,2023-06-23,2023-06-24 00:00:00,2023-06-28 00:00:00,0.06823,0.06823,0.06307528955045924,0.06307528955045924,1939.973175581747,0.0034364736330271734,0.06307528955045924,0.07510294726605435,0.08025765771559511,-10.0,0.0,0.0,0.0,0.0,-10.0,1,4.0,stop_loss,False,1.0,0,False,frictionless_reference
5,combined__cand_002_AVAX_USDT__4h_ema15_dist0.008__short_cand_088_ETH_USDT__4h_ema20_dist0.000,combined__cand_002_AVAX_USDT__4h_ema15_dist0.008__short_cand_088_ETH_USDT__4h_ema20_dist0.000,1,2.8093317976574874,short,AVAX/USDT,2023-06-29,2023-06-30 00:00:00,2023-07-08 00:00:00,12.68,12.68,13.760394767622493,13.760394767622493,9.255875999849485,0.7202631784149964,13.760394767622493,11.239473643170006,10.159078875547513,-10.0,0.0,0.0,0.0,0.0,-10.0,1,8.0,stop_loss,False,1.0,0,False,frictionless_reference
6,combined__cand_002_AVAX_USDT__4h_ema15_dist0.000__short_cand_088_ETH_USDT__4h_ema20_dist0.000,combined__cand_002_AVAX_USDT__4h_ema15_dist0.000__short_cand_088_ETH_USDT__4h_ema20_dist0.000,1,2.710105416612176,short,AVAX/USDT,2023-06-29,2023-06-30 00:00:00,2023-07-08 00:00:00,12.68,12.68,13.760394767622493,13.760394767622493,9.255875999849485,0.7202631784149964,13.760394767622493,11.239473643170006,10.159078875547513,-10.0,0.0,0.0,0.0,0.0,-10.0,1,8.0,stop_loss,False,1.0,0,False,frictionless_reference
7,combined__cand_002_AVAX_USDT__4h_ema15_dist0.008__short_cand_088_ETH_USDT__4h_ema15_dist0.000,combined__cand_002_AVAX_USDT__4h_ema15_dist0.008__short_cand_088_ETH_USDT__4h_ema15_dist0.000,1,2.779529070266362,short,AVAX/USDT,2023-06-29,2023-06-30 00:00:00,2023-07-08 00:00:00,12.68,12.68,13.760394767622493,13.760394767622493,9.255875999849485,0.7202631784149964,13.760394767622493,11.239473643170006,10.159078875547513,-10.0,0.0,0.0,0.0,0.0,-10.0,1,8.0,stop_loss,False,1.0,0,False,frictionless_reference
8,combined__cand_002_AVAX_USDT__4h_ema15_dist0.000__short_cand_088_ETH_USDT__4h_ema15_dist0.000,combined__cand_002_AVAX_USDT__4h_ema15_dist0.000__short_cand_088_ETH_USDT__4h_ema15_dist0.000,1,2.672049769214279,short,AVAX/USDT,2023-06-29,2023-06-30 00:00:00,2023-07-08 00:00:00,12.68,12.68,13.760394767622493,13.760394767622493,9.255875999849485,0.7202631784149964,13.760394767622493,11.239473643170006,10.159078875547513,-10.0,0.0,0.0,0.0,0.0,-10.0,1,8.0,stop_loss,False,1.0,0,False,frictionless_reference
9,combined__cand_002_AVAX_USDT__4h_ema15_dist0.008__short_cand_088_ETH_USDT__4h_ema20_dist0.000,combined__cand_002_AVAX_USDT__4h_ema15_dist0.008__short_cand_088_ETH_USDT__4h_ema20_dist0.000,1,2.8093317976574874,short,DOGE/USDT,2023-07-10,2023-07-11 00:00:00,2023-07-13 00:00:00,0.06523,0.06523,0.0699773124014291,0.0699773124014291,2106.4550116798005,0.003164874934286073,0.0699773124014291,0.05890025013142785,0.05415293772999874,-10.0,0.0,0.0,0.0,0.0,-10.0,1,2.0,stop_loss,False,1.0,0,False,frictionless_reference
10,combined__cand_002_AVAX_USDT__4h_ema15_dist0.000__short_cand_088_ETH_USDT__4h_ema20_dist0.000,combined__cand_002_AVAX_USDT__4h_ema15_dist0.000__short_cand_088_ETH_USDT__4h_ema20_dist0.000,1,2.710105416612176,short,DOGE/USDT,2023-07-10,2023-07-11 00:00:00,2023-07-13 00:00:00,0.06523,0.06523,0.0699773124014291,0.0699773124014291,2106.4550116798005,0.003164874934286073,0.0699773124014291,0.05890025013142785,0.05415293772999874,-10.0,0.0,0.0,0.0,0.0,-10.0,1,2.0,stop_loss,False,1.0,0,False,frictionless_reference
11,combined__cand_002_AVAX_USDT__4h_ema15_dist0.008__short_cand_088_ETH_USDT__4h_ema15_dist0.000,combined__cand_002_AVAX_USDT__4h_ema15_dist0.008__short_cand_088_ETH_USDT__4h_ema15_dist0.000,1,2.779529070266362,short,DOGE/USDT,2023-07-10,2023-07-11 00:00:00,2023-07-13 00:00:00,0.06523,0.06523,0.0699773124014291,0.0699773124014291,2106.4550116798005,0.003164874934286073,0.0699773124014291,0.05890025013142785,0.05415293772999874,-10.0,0.0,0.0,0.0,0.0,-10.0,1,2.0,stop_loss,False,1.0,0,False,frictionless_reference
12,combined__cand_002_AVAX_USDT__4h_ema15_dist0.000__short_cand_088_ETH_USDT__4h_ema15_dist0.000,combined__cand_002_AVAX_USDT__4h_ema15_dist0.000__short_cand_088_ETH_USDT__4h_ema15_dist0.000,1,2.672049769214279,short,DOGE/USDT,2023-07-10,2023-07-11 00:00:00,2023-07-13 00:00:00,0.06523,0.06523,0.0699773124014291,0.0699773124014291,2106.4550116798005,0.003164874934286073,0.0699773124014291,0.05890025013142785,0.05415293772999874,-10.0,0.0,0.0,0.0,0.0,-10.0,1,2.0,stop_loss,False,1.0,0,False,frictionless_reference
13,combined__cand_002_AVAX_USDT__4h_ema15_dist0.008__short_cand_088_ETH_USDT__4h_ema20_dist0.000,combined__cand_002_AVAX_USDT__4h_ema15_dist0.008__short_cand_088_ETH_USDT__4h_ema20_dist0.000,1,2.8093317976574874,short,BNB/USDT,2023-07-18,2023-07-19 00:00:00,2023-08-21 00:00:00,240.3,240.3,207.18833680142387,207.18833680142387,0.704686236792137,9.460475199593184,254.4907127993898,221.37904960081363,207.18833680142387,18.333333333333325,0.0,0.0,0.0,0.0,18.333333333333325,2,33.0,tp2_final,True,1.0,0,False,frictionless_reference
14,combined__cand_002_AVAX_USDT__4h_ema15_dist0.000__short_cand_088_ETH_USDT__4h_ema20_dist0.000,combined__cand_002_AVAX_USDT__4h_ema15_dist0.000__short_cand_088_ETH_USDT__4h_ema20_dist0.000,1,2.710105416612176,short,BNB/USDT,2023-07-18,2023-07-19 00:00:00,2023-08-21 00:00:00,240.3,240.3,207.18833680142387,207.18833680142387,0.704686236792137,9.460475199593184,254.4907127993898,221.37904960081363,207.18833680142387,18.333333333333325,0.0,0.0,0.0,0.0,18.333333333333325,2,33.0,tp2_final,True,1.0,0,False,frictionless_reference
15,combined__cand_002_AVAX_USDT__4h_ema15_dist0.008__short_cand_088_ETH_USDT__4h_ema15_dist0.000,combined__cand_002_AVAX_USDT__4h_ema15_dist0.008__short_cand_088_ETH_USDT__4h_ema15_dist0.000,1,2.779529070266362,short,BNB/USDT,2023-07-18,2023-07-19 00:00:00,2023-08-21 00:00:00,240.3,240.3,207.18833680142387,207.18833680142387,0.704686236792137,9.460475199593184,254.4907127993898,221.37904960081363,207.18833680142387,18.333333333333325,0.0,0.0,0.0,0.0,18.333333333333325,2,33.0,tp2_final,True,1.0,0,False,frictionless_reference
16,combined__cand_002_AVAX_USDT__4h_ema15_dist0.000__short_cand_088_ETH_USDT__4h_ema15_dist0.000,combined__cand_002_AVAX_USDT__4h_ema15_dist0.000__short_cand_088_ETH_USDT__4h_ema15_dist0.000,1,2.672049769214279,short,BNB/USDT,2023-07-18,2023-07-19 00:00:00,2023-08-21 00:00:00,240.3,240.3,207.18833680142387,207.18833680142387,0.704686236792137,9.460475199593184,254.4907127993898,221.37904960081363,207.18833680142387,18.333333333333325,0.0,0.0,0.0,0.0,18.333333333333325,2,33.0,tp2_final,True,1.0,0,False,frictionless_reference
17,combined__cand_002_AVAX_USDT__4h_ema15_dist0.008__short_cand_088_ETH_USDT__4h_ema20_dist0.000,combined__cand_002_AVAX_USDT__4h_ema15_dist0.008__short_cand_088_ETH_USDT__4h_ema20_dist0.000,1,2.8093317976574874,short,BNB/USDT,2023-09-06,2023-09-07 00:00:00,2023-10-16 00:00:00,215.2,215.2,215.2,215.2,1.1054072553640875,6.03095975199734,224.246439627996,203.1380804960053,194.0916408680093,6.666666666666662,0.0,0.0,0.0,0.0,6.666666666666662,2,39.0,stop_loss,True,1.0,0,False,frictionless_reference
19,combined__cand_002_AVAX_USDT__4h_ema15_dist0.000__short_cand_088_ETH_USDT__4h_ema20_dist0.000,combined__cand_002_AVAX_USDT__4h_ema15_dist0.000__short_cand_088_ETH_USDT__4h_ema20_dist0.000,1,2.710105416612176,short,BNB/USDT,2023-09-06,2023-09-07 00:00:00,2023-10-16 00:00:00,215.2,215.2,215.2,215.2,1.1054072553640875,6.03095975199734,224.246439627996,203.1380804960053,194.0916408680093,6.666666666666662,0.0,0.0,0.0,0.0,6.666666666666662,2,39.0,stop_loss,True,1.0,0,False,frictionless_reference
21,combined__cand_002_AVAX_USDT__4h_ema15_dist0.008__short_cand_088_ETH_USDT__4h_ema20_dist0.000,combined__cand_002_AVAX_USDT__4h_ema15_dist0.008__short_cand_088_ETH_USDT__4h_ema20_dist0.000,1,2.8093317976574874,short,ADA/USDT,2023-10-16,2023-10-17 00:00:00,2023-10-21 00:00:00,0.2514,0.2514,0.2621661615596383,0.2621661615596383,928.8361450462928,0.007177441039758854,0.2621661615596383,0.2370451179204823,0.22627895636084402,-10.0,0.0,0.0,0.0,0.0,-10.0,1,4.0,stop_loss,False,1.0,0,False,frictionless_reference
18,combined__cand_002_AVAX_USDT__4h_ema15_dist0.008__short_cand_088_ETH_USDT__4h_ema20_dist0.000,combined__cand_002_AVAX_USDT__4h_ema15_dist0.008__short_cand_088_ETH_USDT__4h_ema20_dist0.000,1,2.8093317976574874,short,DOGE/USDT,2023-09-06,2023-09-07 00:00:00,2023-10-23 00:00:00,0.06364,0.06364,0.06364,0.06364,2437.6244520663126,0.0027349030983897086,0.06774235464758456,0.05817019380322058,0.054067839155636024,6.666666666666678,0.0,0.0,0.0,0.0,6.666666666666678,2,46.0,stop_loss,True,1.0,0,False,frictionless_reference
20,combined__cand_002_AVAX_USDT__4h_ema15_dist0.000__short_cand_088_ETH_USDT__4h_ema20_dist0.000,combined__cand_002_AVAX_USDT__4h_ema15_dist0.000__short_cand_088_ETH_USDT__4h_ema20_dist0.000,1,2.710105416612176,short,DOGE/USDT,2023-09-06,2023-09-07 00:00:00,2023-10-23 00:00:00,0.06364,0.06364,0.06364,0.06364,2437.6244520663126,0.0027349030983897086,0.06774235464758456,0.05817019380322058,0.054067839155636024,6.666666666666678,0.0,0.0,0.0,0.0,6.666666666666678,2,46.0,stop_loss,True,1.0,0,False,frictionless_reference
22,combined__cand_002_AVAX_USDT__4h_ema15_dist0.008__short_cand_088_ETH_USDT__4h_ema20_dist0.000,combined__cand_002_AVAX_USDT__4h_ema15_dist0.008__short_cand_088_ETH_USDT__4h_ema20_dist0.000,1,2.8093317976574874,short,AVAX/USDT,2023-10-16,2023-10-17 00:00:00,2023-10-23 00:00:00,9.4,9.4,10.128756602589919,10.128756602589919,13.722002606166635,0.4858377350599454,10.128756602589919,8.42832452988011,7.699567927290191,-10.0,0.0,0.0,0.0,0.0,-10.0,1,6.0,stop_loss,False,1.0,0,False,frictionless_reference
23,combined__cand_002_AVAX_USDT__4h_ema15_dist0.008__short_cand_088_ETH_USDT__4h_ema20_dist0.000,combined__cand_002_AVAX_USDT__4h_ema15_dist0.008__short_cand_088_ETH_USDT__4h_ema20_dist0.000,1,2.8093317976574874,long,ETH/USDT,2023-10-22,2023-10-22 04:00:00,2023-10-23 20:00:00,1629.74,1629.74,1788.50763323322,1788.50763323322,0.14696530305429487,45.36218092377713,1561.6967286143342,1720.4643618475543,1788.50763323322,18.333333333333325,0.0,0.0,0.0,0.0,18.333333333333325,2,1.6666666666666667,tp2_final,True,1.0,0,False,frictionless_reference
24,combined__cand_002_AVAX_USDT__4h_ema15_dist0.008__short_cand_088_ETH_USDT__4h_ema20_dist0.000,combined__cand_002_AVAX_USDT__4h_ema15_dist0.008__short_cand_088_ETH_USDT__4h_ema20_dist0.000,1,2.8093317976574874,long,AVAX/USDT,2023-10-27,2023-10-28 00:00:00,2023-11-05 00:00:00,10.6,10.6,12.597795130107771,12.597795130107771,11.679542602586377,0.5707986086022206,9.743802087096668,11.741597217204442,12.597795130107771,18.333333333333325,0.0,0.0,0.0,0.0,18.333333333333325,2,8.0,tp2_final,True,1.0,0,False,frictionless_reference
25,combined__cand_002_AVAX_USDT__4h_ema15_dist0.000__short_cand_088_ETH_USDT__4h_ema20_dist0.000,combined__cand_002_AVAX_USDT__4h_ema15_dist0.000__short_cand_088_ETH_USDT__4h_ema20_dist0.000,1,2.710105416612176,long,AVAX/USDT,2023-10-27,2023-10-28 00:00:00,2023-11-05 00:00:00,10.6,10.6,12.597795130107771,12.597795130107771,11.679542602586377,0.5707986086022206,9.743802087096668,11.741597217204442,12.597795130107771,18.333333333333325,0.0,0.0,0.0,0.0,18.333333333333325,2,8.0,tp2_final,True,1.0,0,False,frictionless_reference
26,combined__cand_002_AVAX_USDT__4h_ema15_dist0.008__short_cand_088_ETH_USDT__4h_ema15_dist0.000,combined__cand_002_AVAX_USDT__4h_ema15_dist0.008__short_cand_088_ETH_USDT__4h_ema15_dist0.000,1,2.779529070266362,long,AVAX/USDT,2023-10-27,2023-10-28 00:00:00,2023-11-05 00:00:00,10.6,10.6,12.597795130107771,12.597795130107771,11.679542602586377,0.5707986086022206,9.743802087096668,11.741597217204442,12.597795130107771,18.333333333333325,0.0,0.0,0.0,0.0,18.333333333333325,2,8.0,tp2_final,True,1.0,0,False,frictionless_reference
27,combined__cand_002_AVAX_USDT__4h_ema15_dist0.000__short_cand_088_ETH_USDT__4h_ema15_dist0.000,combined__cand_002_AVAX_USDT__4h_ema15_dist0.000__short_cand_088_ETH_USDT__4h_ema15_dist0.000,1,2.672049769214279,long,AVAX/USDT,2023-10-27,2023-10-28 00:00:00,2023-11-05 00:00:00,10.6,10.6,12.597795130107771,12.597795130107771,11.679542602586377,0.5707986086022206,9.743802087096668,11.741597217204442,12.597795130107771,18.333333333333325,0.0,0.0,0.0,0.0,18.333333333333325,2,8.0,tp2_final,True,1.0,0,False,frictionless_reference
28,combined__cand_002_AVAX_USDT__4h_ema15_dist0.008__short_cand_088_ETH_USDT__4h_ema20_dist0.000,combined__cand_002_AVAX_USDT__4h_ema15_dist0.008__short_cand_088_ETH_USDT__4h_ema20_dist0.000,1,2.8093317976574874,long,LINK/USDT,2023-11-29,2023-11-29 04:00:00,2023-12-11 00:00:00,14.644,14.644,14.644,14.644,6.002522695819308,1.1106441415556716,12.978033787666494,16.865288283111344,18.531254495444852,6.666666666666672,0.0,0.0,0.0,0.0,6.666666666666672,2,11.833333333333334,stop_loss,True,1.0,0,False,frictionless_reference
29,combined__cand_002_AVAX_USDT__4h_ema15_dist0.000__short_cand_088_ETH_USDT__4h_ema20_dist0.000,combined__cand_002_AVAX_USDT__4h_ema15_dist0.000__short_cand_088_ETH_USDT__4h_ema20_dist0.000,1,2.710105416612176,long,LINK/USDT,2023-11-29,2023-11-29 04:00:00,2023-12-11 00:00:00,14.644,14.644,14.644,14.644,6.002522695819308,1.1106441415556716,12.978033787666494,16.865288283111344,18.531254495444852,6.666666666666672,0.0,0.0,0.0,0.0,6.666666666666672,2,11.833333333333334,stop_loss,True,1.0,0,False,frictionless_reference
30,combined__cand_002_AVAX_USDT__4h_ema15_dist0.008__short_cand_088_ETH_USDT__4h_ema15_dist0.000,combined__cand_002_AVAX_USDT__4h_ema15_dist0.008__short_cand_088_ETH_USDT__4h_ema15_dist0.000,1,2.779529070266362,long,LINK/USDT,2023-11-29,2023-11-29 04:00:00,2023-12-11 00:00:00,14.644,14.644,14.644,14.644,6.002522695819308,1.1106441415556716,12.978033787666494,16.865288283111344,18.531254495444852,6.666666666666672,0.0,0.0,0.0,0.0,6.666666666666672,2,11.833333333333334,stop_loss,True,1.0,0,False,frictionless_reference
31,combined__cand_002_AVAX_USDT__4h_ema15_dist0.000__short_cand_088_ETH_USDT__4h_ema15_dist0.000,combined__cand_002_AVAX_USDT__4h_ema15_dist0.000__short_cand_088_ETH_USDT__4h_ema15_dist0.000,1,2.672049769214279,long,LINK/USDT,2023-11-29,2023-11-29 04:00:00,2023-12-11 00:00:00,14.644,14.644,14.644,14.644,6.002522695819308,1.1106441415556716,12.978033787666494,16.865288283111344,18.531254495444852,6.666666666666672,0.0,0.0,0.0,0.0,6.666666666666672,2,11.833333333333334,stop_loss,True,1.0,0,False,frictionless_reference
33,combined__cand_002_AVAX_USDT__4h_ema15_dist0.008__short_cand_088_ETH_USDT__4h_ema20_dist0.000,combined__cand_002_AVAX_USDT__4h_ema15_dist0.008__short_cand_088_ETH_USDT__4h_ema20_dist0.000,1,2.8093317976574874,long,ETH/USDT,2023-12-28,2023-12-28 04:00:00,2023-12-29 20:00:00,2413.65,2413.65,2267.462987155543,2267.462987155543,0.06840552936559417,97.45800856297147,2267.462987155543,2608.566017125943,2754.7530299704003,-10.0,0.0,0.0,0.0,0.0,-10.0,1,1.6666666666666667,stop_loss,False,1.0,0,False,frictionless_reference
35,combined__cand_002_AVAX_USDT__4h_ema15_dist0.000__short_cand_088_ETH_USDT__4h_ema20_dist0.000,combined__cand_002_AVAX_USDT__4h_ema15_dist0.000__short_cand_088_ETH_USDT__4h_ema20_dist0.000,1,2.710105416612176,long,ETH/USDT,2023-12-28,2023-12-28 04:00:00,2023-12-29 20:00:00,2413.65,2413.65,2267.462987155543,2267.462987155543,0.06840552936559417,97.45800856297147,2267.462987155543,2608.566017125943,2754.7530299704003,-10.0,0.0,0.0,0.0,0.0,-10.0,1,1.6666666666666667,stop_loss,False,1.0,0,False,frictionless_reference
32,combined__cand_002_AVAX_USDT__4h_ema15_dist0.008__short_cand_088_ETH_USDT__4h_ema20_dist0.000,combined__cand_002_AVAX_USDT__4h_ema15_dist0.008__short_cand_088_ETH_USDT__4h_ema20_dist0.000,1,2.8093317976574874,long,BTC/USDT,2023-12-28,2023-12-28 04:00:00,2024-01-03 12:00:00,43408.4,43408.4,41198.603881239076,41198.603881239076,0.004525304355049366,1473.1974125072825,41198.603881239076,46354.794825014564,48564.59094377549,-10.0,0.0,0.0,0.0,0.0,-10.0,1,6.333333333333333,stop_loss,False,1.0,0,False,frictionless_reference
34,combined__cand_002_AVAX_USDT__4h_ema15_dist0.000__short_cand_088_ETH_USDT__4h_ema20_dist0.000,combined__cand_002_AVAX_USDT__4h_ema15_dist0.000__short_cand_088_ETH_USDT__4h_ema20_dist0.000,1,2.710105416612176,long,BTC/USDT,2023-12-28,2023-12-28 04:00:00,2024-01-03 12:00:00,43408.4,43408.4,41198.603881239076,41198.603881239076,0.004525304355049366,1473.1974125072825,41198.603881239076,46354.794825014564,48564.59094377549,-10.0,0.0,0.0,0.0,0.0,-10.0,1,6.333333333333333,stop_loss,False,1.0,0,False,frictionless_reference
36,combined__cand_002_AVAX_USDT__4h_ema15_dist0.008__short_cand_088_ETH_USDT__4h_ema20_dist0.000,combined__cand_002_AVAX_USDT__4h_ema15_dist0.008__short_cand_088_ETH_USDT__4h_ema20_dist0.000,1,2.8093317976574874,long,LINK/USDT,2024-01-17,2024-01-17 04:00:00,2024-01-23 08:00:00,15.846,15.846,14.103038574182586,14.103038574182586,5.737361625952334,1.1619742838782763,14.103038574182586,18.169948567756553,19.91290999357397,-10.0,0.0,0.0,0.0,0.0,-10.0,1,6.166666666666667,stop_loss,False,1.0,0,False,frictionless_reference
37,combined__cand_002_AVAX_USDT__4h_ema15_dist0.000__short_cand_088_ETH_USDT__4h_ema20_dist0.000,combined__cand_002_AVAX_USDT__4h_ema15_dist0.000__short_cand_088_ETH_USDT__4h_ema20_dist0.000,1,2.710105416612176,long,LINK/USDT,2024-01-17,2024-01-17 04:00:00,2024-01-23 08:00:00,15.846,15.846,14.103038574182586,14.103038574182586,5.737361625952334,1.1619742838782763,14.103038574182586,18.169948567756553,19.91290999357397,-10.0,0.0,0.0,0.0,0.0,-10.0,1,6.166666666666667,stop_loss,False,1.0,0,False,frictionless_reference
38,combined__cand_002_AVAX_USDT__4h_ema15_dist0.008__short_cand_088_ETH_USDT__4h_ema15_dist0.000,combined__cand_002_AVAX_USDT__4h_ema15_dist0.008__short_cand_088_ETH_USDT__4h_ema15_dist0.000,1,2.779529070266362,long,LINK/USDT,2024-01-17,2024-01-17 04:00:00,2024-01-23 08:00:00,15.846,15.846,14.103038574182586,14.103038574182586,5.737361625952334,1.1619742838782763,14.103038574182586,18.169948567756553,19.91290999357397,-10.0,0.0,0.0,0.0,0.0,-10.0,1,6.166666666666667,stop_loss,False,1.0,0,False,frictionless_reference
39,combined__cand_002_AVAX_USDT__4h_ema15_dist0.000__short_cand_088_ETH_USDT__4h_ema15_dist0.000,combined__cand_002_AVAX_USDT__4h_ema15_dist0.000__short_cand_088_ETH_USDT__4h_ema15_dist0.000,1,2.672049769214279,long,LINK/USDT,2024-01-17,2024-01-17 04:00:00,2024-01-23 08:00:00,15.846,15.846,14.103038574182586,14.103038574182586,5.737361625952334,1.1619742838782763,14.103038574182586,18.169948567756553,19.91290999357397,-10.0,0.0,0.0,0.0,0.0,-10.0,1,6.166666666666667,stop_loss,False,1.0,0,False,frictionless_reference
41,combined__cand_002_AVAX_USDT__4h_ema15_dist0.008__short_cand_088_ETH_USDT__4h_ema20_dist0.000,combined__cand_002_AVAX_USDT__4h_ema15_dist0.008__short_cand_088_ETH_USDT__4h_ema20_dist0.000,1,2.8093317976574874,short,DOGE/USDT,2024-02-03,2024-02-04 00:00:00,2024-02-14 00:00:00,0.07874,0.07874,0.08441909169981504,0.08441909169981504,1760.8449605287572,0.0037860611332100258,0.08441909169981504,0.07116787773357995,0.06548878603376491,-10.0,0.0,0.0,0.0,0.0,-10.0,1,10.0,stop_loss,False,1.0,0,False,frictionless_reference
43,combined__cand_002_AVAX_USDT__4h_ema15_dist0.000__short_cand_088_ETH_USDT__4h_ema20_dist0.000,combined__cand_002_AVAX_USDT__4h_ema15_dist0.000__short_cand_088_ETH_USDT__4h_ema20_dist0.000,1,2.710105416612176,short,DOGE/USDT,2024-02-03,2024-02-04 00:00:00,2024-02-14 00:00:00,0.07874,0.07874,0.08441909169981504,0.08441909169981504,1760.8449605287572,0.0037860611332100258,0.08441909169981504,0.07116787773357995,0.06548878603376491,-10.0,0.0,0.0,0.0,0.0,-10.0,1,10.0,stop_loss,False,1.0,0,False,frictionless_reference
40,combined__cand_002_AVAX_USDT__4h_ema15_dist0.008__short_cand_088_ETH_USDT__4h_ema20_dist0.000,combined__cand_002_AVAX_USDT__4h_ema15_dist0.008__short_cand_088_ETH_USDT__4h_ema20_dist0.000,1,2.8093317976574874,long,AVAX/USDT,2024-02-03,2024-02-04 00:00:00,2024-02-21 00:00:00,35.96,35.96,35.96,35.96,2.4505641333589407,2.7204620258310865,31.87930696125337,41.40092405166217,45.481617090408804,6.666666666666663,0.0,0.0,0.0,0.0,6.666666666666663,2,17.0,stop_loss,True,1.0,0,False,frictionless_reference
42,combined__cand_002_AVAX_USDT__4h_ema15_dist0.000__short_cand_088_ETH_USDT__4h_ema20_dist0.000,combined__cand_002_AVAX_USDT__4h_ema15_dist0.000__short_cand_088_ETH_USDT__4h_ema20_dist0.000,1,2.710105416612176,long,AVAX/USDT,2024-02-03,2024-02-04 00:00:00,2024-02-21 00:00:00,35.96,35.96,35.96,35.96,2.4505641333589407,2.7204620258310865,31.87930696125337,41.40092405166217,45.481617090408804,6.666666666666663,0.0,0.0,0.0,0.0,6.666666666666663,2,17.0,stop_loss,True,1.0,0,False,frictionless_reference
44,combined__cand_002_AVAX_USDT__4h_ema15_dist0.008__short_cand_088_ETH_USDT__4h_ema20_dist0.000,combined__cand_002_AVAX_USDT__4h_ema15_dist0.008__short_cand_088_ETH_USDT__4h_ema20_dist0.000,1,2.8093317976574874,short,XRP/USDT,2024-02-23,2024-02-24 00:00:00,2024-02-27 00:00:00,0.5342,0.5342,0.5861,0.5861,307.9560900641312,0.021648107901611383,0.5666721618524171,0.49090378419677727,0.4584316223443602,-15.982921074328393,0.0,0.0,0.0,0.0,-15.982921074328393,1,3.0,account_breach_liquidation,False,1.0,0,False,frictionless_reference
45,combined__cand_002_AVAX_USDT__4h_ema15_dist0.000__short_cand_088_ETH_USDT__4h_ema20_dist0.000,combined__cand_002_AVAX_USDT__4h_ema15_dist0.000__short_cand_088_ETH_USDT__4h_ema20_dist0.000,1,2.710105416612176,short,XRP/USDT,2024-02-23,2024-02-24 00:00:00,2024-02-27 00:00:00,0.5342,0.5342,0.5861,0.5861,307.9560900641312,0.021648107901611383,0.5666721618524171,0.49090378419677727,0.4584316223443602,-15.982921074328393,0.0,0.0,0.0,0.0,-15.982921074328393,1,3.0,account_breach_liquidation,False,1.0,0,False,frictionless_reference
46,combined__cand_002_AVAX_USDT__4h_ema15_dist0.008__short_cand_088_ETH_USDT__4h_ema15_dist0.000,combined__cand_002_AVAX_USDT__4h_ema15_dist0.008__short_cand_088_ETH_USDT__4h_ema15_dist0.000,1,2.779529070266362,short,XRP/USDT,2024-02-23,2024-02-24 00:00:00,2024-02-27 00:00:00,0.5342,0.5342,0.5861,0.5861,307.9560900641312,0.021648107901611383,0.5666721618524171,0.49090378419677727,0.4584316223443602,-15.982921074328393,0.0,0.0,0.0,0.0,-15.982921074328393,1,3.0,account_breach_liquidation,False,1.0,0,False,frictionless_reference
47,combined__cand_002_AVAX_USDT__4h_ema15_dist0.000__short_cand_088_ETH_USDT__4h_ema15_dist0.000,combined__cand_002_AVAX_USDT__4h_ema15_dist0.000__short_cand_088_ETH_USDT__4h_ema15_dist0.000,1,2.672049769214279,short,XRP/USDT,2024-02-23,2024-02-24 00:00:00,2024-02-27 00:00:00,0.5342,0.5342,0.5861,0.5861,307.9560900641312,0.021648107901611383,0.5666721618524171,0.49090378419677727,0.4584316223443602,-15.982921074328393,0.0,0.0,0.0,0.0,-15.982921074328393,1,3.0,account_breach_liquidation,False,1.0,0,False,frictionless_reference
1,combined__cand_002_AVAX_USDT__4h_ema15_dist0.008__short_cand_088_ETH_USDT__4h_ema20_dist0.000,combined__cand_002_AVAX_USDT__4h_ema15_dist0.008__short_cand_088_ETH_USDT__4h_ema20_dist0.000,1,2.8093317976574874,long,DOGE/USDT,2023-06-23,2023-06-24 00:00:00,2023-06-28 00:00:00,0.06823,0.06830505299999999,0.06315034255045923,0.06304930200237849,1879.1947708228606,0.0034364736330271734,0.06315034255045923,0.07517800026605434,0.0803327107155951,-9.876579791477361,0.06417924920918917,0.059240959313450484,0.14813355162584346,0.18278052310311727,-10.000000000000002,1,4.0,stop_loss,False,1.0,0,False,baseline
2,combined__cand_002_AVAX_USDT__4h_ema15_dist0.000__short_cand_088_ETH_USDT__4h_ema20_dist0.000,combined__cand_002_AVAX_USDT__4h_ema15_dist0.000__short_cand_088_ETH_USDT__4h_ema20_dist0.000,1,2.710105416612176,long,DOGE/USDT,2023-06-23,2023-06-24 00:00:00,2023-06-28 00:00:00,0.06823,0.06830505299999999,0.06315034255045923,0.06304930200237849,1879.1947708228606,0.0034364736330271734,0.06315034255045923,0.07517800026605434,0.0803327107155951,-9.876579791477361,0.06417924920918917,0.059240959313450484,0.14813355162584346,0.18278052310311727,-10.000000000000002,1,4.0,stop_loss,False,1.0,0,False,baseline
3,combined__cand_002_AVAX_USDT__4h_ema15_dist0.008__short_cand_088_ETH_USDT__4h_ema15_dist0.000,combined__cand_002_AVAX_USDT__4h_ema15_dist0.008__short_cand_088_ETH_USDT__4h_ema15_dist0.000,1,2.779529070266362,long,DOGE/USDT,2023-06-23,2023-06-24 00:00:00,2023-06-28 00:00:00,0.06823,0.06830505299999999,0.06315034255045923,0.06304930200237849,1879.1947708228606,0.0034364736330271734,0.06315034255045923,0.07517800026605434,0.0803327107155951,-9.876579791477361,0.06417924920918917,0.059240959313450484,0.14813355162584346,0.18278052310311727,-10.000000000000002,1,4.0,stop_loss,False,1.0,0,False,baseline
4,combined__cand_002_AVAX_USDT__4h_ema15_dist0.000__short_cand_088_ETH_USDT__4h_ema15_dist0.000,combined__cand_002_AVAX_USDT__4h_ema15_dist0.000__short_cand_088_ETH_USDT__4h_ema15_dist0.000,1,2.672049769214279,long,DOGE/USDT,2023-06-23,2023-06-24 00:00:00,2023-06-28 00:00:00,0.06823,0.06830505299999999,0.06315034255045923,0.06304930200237849,1879.1947708228606,0.0034364736330271734,0.06315034255045923,0.07517800026605434,0.0803327107155951,-9.876579791477361,0.06417924920918917,0.059240959313450484,0.14813355162584346,0.18278052310311727,-10.000000000000002,1,4.0,stop_loss,False,1.0,0,False,baseline
5,combined__cand_002_AVAX_USDT__4h_ema15_dist0.008__short_cand_088_ETH_USDT__4h_ema20_dist0.000,combined__cand_002_AVAX_USDT__4h_ema15_dist0.008__short_cand_088_ETH_USDT__4h_ema20_dist0.000,1,2.8093317976574874,short,AVAX/USDT,2023-06-29,2023-06-30 00:00:00,2023-07-08 00:00:00,12.68,12.671124,13.751518767622496,13.765270286390118,9.03045036092597,0.7202631784149964,13.751518767622496,11.230597643170007,10.150202875547514,-9.880633726837445,0.05721297814956886,0.06215329501298759,0.09547540727795925,0.10886127774397647,-10.0,1,8.0,stop_loss,False,1.0,0,False,baseline
6,combined__cand_002_AVAX_USDT__4h_ema15_dist0.000__short_cand_088_ETH_USDT__4h_ema20_dist0.000,combined__cand_002_AVAX_USDT__4h_ema15_dist0.000__short_cand_088_ETH_USDT__4h_ema20_dist0.000,1,2.710105416612176,short,AVAX/USDT,2023-06-29,2023-06-30 00:00:00,2023-07-08 00:00:00,12.68,12.671124,13.751518767622496,13.765270286390118,9.03045036092597,0.7202631784149964,13.751518767622496,11.230597643170007,10.150202875547514,-9.880633726837445,0.05721297814956886,0.06215329501298759,0.09547540727795925,0.10886127774397647,-10.0,1,8.0,stop_loss,False,1.0,0,False,baseline
7,combined__cand_002_AVAX_USDT__4h_ema15_dist0.000__short_cand_088_ETH_USDT__4h_ema15_dist0.000,combined__cand_002_AVAX_USDT__4h_ema15_dist0.000__short_cand_088_ETH_USDT__4h_ema15_dist0.000,1,2.672049769214279,short,AVAX/USDT,2023-06-29,2023-06-30 00:00:00,2023-07-08 00:00:00,12.68,12.671124,13.751518767622496,13.765270286390118,9.03045036092597,0.7202631784149964,13.751518767622496,11.230597643170007,10.150202875547514,-9.880633726837445,0.05721297814956886,0.06215329501298759,0.09547540727795925,0.10886127774397647,-10.0,1,8.0,stop_loss,False,1.0,0,False,baseline
8,combined__cand_002_AVAX_USDT__4h_ema15_dist0.008__short_cand_088_ETH_USDT__4h_ema15_dist0.000,combined__cand_002_AVAX_USDT__4h_ema15_dist0.008__short_cand_088_ETH_USDT__4h_ema15_dist0.000,1,2.779529070266362,short,AVAX/USDT,2023-07-05,2023-07-06 00:00:00,2023-07-08 00:00:00,12.67,12.661131000000001,13.663306370157361,13.676969676527516,9.71810000927658,0.66811691343824,13.663306370157361,11.32489717312352,10.32272180296616,-9.872021851785554,0.061521068644276,0.06645707957016878,0.10236388195204371,0.11660732479280526,-10.0,1,2.0,stop_loss,False,1.0,0,False,baseline
9,combined__cand_002_AVAX_USDT__4h_ema15_dist0.008__short_cand_088_ETH_USDT__4h_ema20_dist0.000,combined__cand_002_AVAX_USDT__4h_ema15_dist0.008__short_cand_088_ETH_USDT__4h_ema20_dist0.000,1,2.8093317976574874,short,DOGE/USDT,2023-07-10,2023-07-11 00:00:00,2023-07-13 00:00:00,0.06523,0.065158247,0.06990555940142912,0.07001740829647139,1820.602272897591,0.003164874934286073,0.06990555940142912,0.058828497131427855,0.054081184729998746,-8.846600100731818,0.05931362629311133,0.06373692634347723,0.14761686395731755,0.18664916346497434,-8.969650653368406,1,2.0,stop_loss,False,0.8969650653368406,0,False,baseline
10,combined__cand_002_AVAX_USDT__4h_ema15_dist0.000__short_cand_088_ETH_USDT__4h_ema20_dist0.000,combined__cand_002_AVAX_USDT__4h_ema15_dist0.000__short_cand_088_ETH_USDT__4h_ema20_dist0.000,1,2.710105416612176,short,DOGE/USDT,2023-07-10,2023-07-11 00:00:00,2023-07-13 00:00:00,0.06523,0.065158247,0.06990555940142912,0.07001740829647139,2029.7359877821925,0.003164874934286073,0.06990555940142912,0.058828497131427855,0.054081184729998746,-9.862814553886356,0.06612701941835054,0.07105842669529372,0.16457370488769532,0.2080896689046427,-10.0,1,2.0,stop_loss,False,1.0,0,False,baseline
11,combined__cand_002_AVAX_USDT__4h_ema15_dist0.008__short_cand_088_ETH_USDT__4h_ema15_dist0.000,combined__cand_002_AVAX_USDT__4h_ema15_dist0.008__short_cand_088_ETH_USDT__4h_ema15_dist0.000,1,2.779529070266362,short,DOGE/USDT,2023-07-10,2023-07-11 00:00:00,2023-07-13 00:00:00,0.06523,0.065158247,0.06990555940142912,0.07001740829647139,2029.7359877821925,0.003164874934286073,0.06990555940142912,0.058828497131427855,0.054081184729998746,-9.862814553886356,0.06612701941835054,0.07105842669529372,0.16457370488769532,0.2080896689046427,-10.0,1,2.0,stop_loss,False,1.0,0,False,baseline
12,combined__cand_002_AVAX_USDT__4h_ema15_dist0.000__short_cand_088_ETH_USDT__4h_ema15_dist0.000,combined__cand_002_AVAX_USDT__4h_ema15_dist0.000__short_cand_088_ETH_USDT__4h_ema15_dist0.000,1,2.672049769214279,short,DOGE/USDT,2023-07-10,2023-07-11 00:00:00,2023-07-13 00:00:00,0.06523,0.065158247,0.06990555940142912,0.07001740829647139,2029.7359877821925,0.003164874934286073,0.06990555940142912,0.058828497131427855,0.054081184729998746,-9.862814553886356,0.06612701941835054,0.07105842669529372,0.16457370488769532,0.2080896689046427,-10.0,1,2.0,stop_loss,False,1.0,0,False,baseline
13,combined__cand_002_AVAX_USDT__4h_ema15_dist0.008__short_cand_088_ETH_USDT__4h_ema20_dist0.000,combined__cand_002_AVAX_USDT__4h_ema15_dist0.008__short_cand_088_ETH_USDT__4h_ema20_dist0.000,1,2.8093317976574874,short,BNB/USDT,2023-07-18,2023-07-19 00:00:00,2023-08-21 00:00:00,240.3,240.13179000000002,207.02012680142388,207.16504089018486,0.6806244774030826,9.460475199593184,254.3225027993898,221.21083960081364,207.02012680142388,17.60532265174647,0.0817197870383084,0.07291712571243517,0.1237145203110523,0.0927858902332892,17.450685738995723,2,33.0,tp2_final,True,1.0,0,False,baseline
14,combined__cand_002_AVAX_USDT__4h_ema15_dist0.000__short_cand_088_ETH_USDT__4h_ema20_dist0.000,combined__cand_002_AVAX_USDT__4h_ema15_dist0.000__short_cand_088_ETH_USDT__4h_ema20_dist0.000,1,2.710105416612176,short,BNB/USDT,2023-07-18,2023-07-19 00:00:00,2023-08-21 00:00:00,240.3,240.13179000000002,207.02012680142388,207.16504089018486,0.6806244774030826,9.460475199593184,254.3225027993898,221.21083960081364,207.02012680142388,17.60532265174647,0.0817197870383084,0.07291712571243517,0.1237145203110523,0.0927858902332892,17.450685738995723,2,33.0,tp2_final,True,1.0,0,False,baseline
15,combined__cand_002_AVAX_USDT__4h_ema15_dist0.008__short_cand_088_ETH_USDT__4h_ema15_dist0.000,combined__cand_002_AVAX_USDT__4h_ema15_dist0.008__short_cand_088_ETH_USDT__4h_ema15_dist0.000,1,2.779529070266362,short,BNB/USDT,2023-07-18,2023-07-19 00:00:00,2023-08-21 00:00:00,240.3,240.13179000000002,207.02012680142388,207.16504089018486,0.6806244774030826,9.460475199593184,254.3225027993898,221.21083960081364,207.02012680142388,17.60532265174647,0.0817197870383084,0.07291712571243517,0.1237145203110523,0.0927858902332892,17.450685738995723,2,33.0,tp2_final,True,1.0,0,False,baseline
16,combined__cand_002_AVAX_USDT__4h_ema15_dist0.000__short_cand_088_ETH_USDT__4h_ema15_dist0.000,combined__cand_002_AVAX_USDT__4h_ema15_dist0.000__short_cand_088_ETH_USDT__4h_ema15_dist0.000,1,2.672049769214279,short,BNB/USDT,2023-07-18,2023-07-19 00:00:00,2023-08-21 00:00:00,240.3,240.13179000000002,207.02012680142388,207.16504089018486,0.6806244774030826,9.460475199593184,254.3225027993898,221.21083960081364,207.02012680142388,17.60532265174647,0.0817197870383084,0.07291712571243517,0.1237145203110523,0.0927858902332892,17.450685738995723,2,33.0,tp2_final,True,1.0,0,False,baseline
17,combined__cand_002_AVAX_USDT__4h_ema15_dist0.008__short_cand_088_ETH_USDT__4h_ema20_dist0.000,combined__cand_002_AVAX_USDT__4h_ema15_dist0.008__short_cand_088_ETH_USDT__4h_ema20_dist0.000,1,2.8093317976574874,short,BNB/USDT,2023-09-06,2023-09-07 00:00:00,2023-10-16 00:00:00,215.2,215.04936,215.04936,215.26440935999997,1.053716346058326,6.03095975199734,224.09579962799603,202.98744049600532,193.94100086800933,6.1667584457454945,0.11330051292069078,0.11021713369781803,0.17880234505601356,0.16809191266821738,5.943240799126985,2,39.0,stop_loss,True,1.0,0,False,baseline
19,combined__cand_002_AVAX_USDT__4h_ema15_dist0.000__short_cand_088_ETH_USDT__4h_ema20_dist0.000,combined__cand_002_AVAX_USDT__4h_ema15_dist0.000__short_cand_088_ETH_USDT__4h_ema20_dist0.000,1,2.710105416612176,short,BNB/USDT,2023-09-06,2023-09-07 00:00:00,2023-10-16 00:00:00,215.2,215.04936,215.04936,215.26440935999997,1.053716346058326,6.03095975199734,224.09579962799603,202.98744049600532,193.94100086800933,6.1667584457454945,0.11330051292069078,0.11021713369781803,0.17880234505601356,0.16809191266821738,5.943240799126985,2,39.0,stop_loss,True,1.0,0,False,baseline
21,combined__cand_002_AVAX_USDT__4h_ema15_dist0.008__short_cand_088_ETH_USDT__4h_ema20_dist0.000,combined__cand_002_AVAX_USDT__4h_ema15_dist0.008__short_cand_088_ETH_USDT__4h_ema20_dist0.000,1,2.8093317976574874,short,ADA/USDT,2023-10-16,2023-10-17 00:00:00,2023-10-21 00:00:00,0.2514,0.25122402000000005,0.2619901815596383,0.2622521717411979,886.1406840811263,0.007177441039758854,0.2619901815596383,0.23686913792048234,0.22610297636084406,-9.772493928095543,0.1113099124702053,0.11619615943425309,0.18197437067511663,0.20612882561927637,-10.0,1,4.0,stop_loss,False,1.0,0,False,baseline
18,combined__cand_002_AVAX_USDT__4h_ema15_dist0.008__short_cand_088_ETH_USDT__4h_ema20_dist0.000,combined__cand_002_AVAX_USDT__4h_ema15_dist0.008__short_cand_088_ETH_USDT__4h_ema20_dist0.000,1,2.8093317976574874,short,DOGE/USDT,2023-09-06,2023-09-07 00:00:00,2023-10-23 00:00:00,0.06364,0.063569996,0.063569996,0.06367170799359999,2338.4670449635764,0.0027349030983897086,0.06767235064758456,0.058100189803220584,0.053997835155636026,6.201829735659043,0.0743281703472332,0.07122725547940367,0.17464854160151716,0.18270453650821428,6.056274309832407,2,46.0,stop_loss,True,1.0,0,False,baseline
20,combined__cand_002_AVAX_USDT__4h_ema15_dist0.000__short_cand_088_ETH_USDT__4h_ema20_dist0.000,combined__cand_002_AVAX_USDT__4h_ema15_dist0.000__short_cand_088_ETH_USDT__4h_ema20_dist0.000,1,2.710105416612176,short,DOGE/USDT,2023-09-06,2023-09-07 00:00:00,2023-10-23 00:00:00,0.06364,0.063569996,0.063569996,0.06367170799359999,2338.4670449635764,0.0027349030983897086,0.06767235064758456,0.058100189803220584,0.053997835155636026,6.201829735659043,0.0743281703472332,0.07122725547940367,0.17464854160151716,0.18270453650821428,6.056274309832407,2,46.0,stop_loss,True,1.0,0,False,baseline
22,combined__cand_002_AVAX_USDT__4h_ema15_dist0.008__short_cand_088_ETH_USDT__4h_ema20_dist0.000,combined__cand_002_AVAX_USDT__4h_ema15_dist0.008__short_cand_088_ETH_USDT__4h_ema20_dist0.000,1,2.8093317976574874,short,AVAX/USDT,2023-10-16,2023-10-17 00:00:00,2023-10-23 00:00:00,9.4,9.39342,10.122176602589919,10.132298779192508,10.998457571867915,0.4858377350599454,10.122176602589919,8.42174452988011,7.692987927290192,-8.126526903702356,0.05165656566236776,0.05571982911421894,0.0858855324296391,0.09781264829179112,-8.233903298478943,1,6.0,stop_loss,False,0.8233903298478944,0,False,baseline
23,combined__cand_002_AVAX_USDT__4h_ema15_dist0.008__short_cand_088_ETH_USDT__4h_ema20_dist0.000,combined__cand_002_AVAX_USDT__4h_ema15_dist0.008__short_cand_088_ETH_USDT__4h_ema20_dist0.000,1,2.8093317976574874,long,ETH/USDT,2023-10-22,2023-10-22 04:00:00,2023-10-23 20:00:00,1629.74,1630.228922,1788.99655523322,1788.4598562666501,0.1423203096425833,45.36218092377713,1562.1856506143342,1720.9532838475543,1788.99655523322,17.678958424431663,0.11600734248366738,0.12484682169588322,0.09634273508017187,0.048171367540085934,17.43810426025211,2,1.6666666666666667,tp2_final,True,1.0,0,False,baseline
24,combined__cand_002_AVAX_USDT__4h_ema15_dist0.008__short_cand_088_ETH_USDT__4h_ema20_dist0.000,combined__cand_002_AVAX_USDT__4h_ema15_dist0.008__short_cand_088_ETH_USDT__4h_ema20_dist0.000,1,2.8093317976574874,long,XRP/USDT,2023-10-22,2023-10-24 00:00:00,2023-10-24 00:00:00,0.5475,0.5478832499999999,0.5478832499999999,0.5473353667499999,356.0893661570886,0.01801858252348667,0.52085537621477,0.5839204150469732,0.6109482888322033,6.24590318255918,0.09754769961029285,0.10067065120157244,0.15858822112857168,0.14820547572951662,6.047684831747316,2,0.0,stop_loss,True,1.0,1,False,baseline
25,combined__cand_002_AVAX_USDT__4h_ema15_dist0.008__short_cand_088_ETH_USDT__4h_ema20_dist0.000,combined__cand_002_AVAX_USDT__4h_ema15_dist0.008__short_cand_088_ETH_USDT__4h_ema20_dist0.000,1,2.8093317976574874,long,AVAX/USDT,2023-10-27,2023-10-28 00:00:00,2023-11-05 00:00:00,10.6,10.60742,12.605215130107771,12.596391479516697,11.413914912748586,0.5707986086022206,9.751222087096668,11.749017217204441,12.605215130107771,17.819086567455713,0.0605360946618938,0.06944563794562167,0.10399042638556019,0.07799281978917014,17.689104834848198,2,8.0,tp2_final,True,1.0,0,False,baseline
26,combined__cand_002_AVAX_USDT__4h_ema15_dist0.000__short_cand_088_ETH_USDT__4h_ema20_dist0.000,combined__cand_002_AVAX_USDT__4h_ema15_dist0.000__short_cand_088_ETH_USDT__4h_ema20_dist0.000,1,2.710105416612176,long,AVAX/USDT,2023-10-27,2023-10-28 00:00:00,2023-11-05 00:00:00,10.6,10.60742,12.605215130107771,12.596391479516697,11.413914912748586,0.5707986086022206,9.751222087096668,11.749017217204441,12.605215130107771,17.819086567455713,0.0605360946618938,0.06944563794562167,0.10399042638556019,0.07799281978917014,17.689104834848198,2,8.0,tp2_final,True,1.0,0,False,baseline
27,combined__cand_002_AVAX_USDT__4h_ema15_dist0.008__short_cand_088_ETH_USDT__4h_ema15_dist0.000,combined__cand_002_AVAX_USDT__4h_ema15_dist0.008__short_cand_088_ETH_USDT__4h_ema15_dist0.000,1,2.779529070266362,long,AVAX/USDT,2023-10-27,2023-10-28 00:00:00,2023-11-05 00:00:00,10.6,10.60742,12.605215130107771,12.596391479516697,11.413914912748586,0.5707986086022206,9.751222087096668,11.749017217204441,12.605215130107771,17.819086567455713,0.0605360946618938,0.06944563794562167,0.10399042638556019,0.07799281978917014,17.689104834848198,2,8.0,tp2_final,True,1.0,0,False,baseline
28,combined__cand_002_AVAX_USDT__4h_ema15_dist0.000__short_cand_088_ETH_USDT__4h_ema15_dist0.000,combined__cand_002_AVAX_USDT__4h_ema15_dist0.000__short_cand_088_ETH_USDT__4h_ema15_dist0.000,1,2.672049769214279,long,AVAX/USDT,2023-10-27,2023-10-28 00:00:00,2023-11-05 00:00:00,10.6,10.60742,12.605215130107771,12.596391479516697,11.413914912748586,0.5707986086022206,9.751222087096668,11.749017217204441,12.605215130107771,17.819086567455713,0.0605360946618938,0.06944563794562167,0.10399042638556019,0.07799281978917014,17.689104834848198,2,8.0,tp2_final,True,1.0,0,False,baseline
29,combined__cand_002_AVAX_USDT__4h_ema15_dist0.008__short_cand_088_ETH_USDT__4h_ema20_dist0.000,combined__cand_002_AVAX_USDT__4h_ema15_dist0.008__short_cand_088_ETH_USDT__4h_ema20_dist0.000,1,2.8093317976574874,long,LINK/USDT,2023-11-29,2023-11-29 04:00:00,2023-12-11 00:00:00,14.644,14.6542508,14.6542508,14.6395965492,5.907479639683822,1.1106441415556716,12.988284587666492,16.87553908311134,18.54150529544485,6.482930642816575,0.04328484411791018,0.046526309439318465,0.0718559710930098,0.0668774315551304,6.393119489259346,2,11.833333333333334,stop_loss,True,1.0,0,False,baseline
30,combined__cand_002_AVAX_USDT__4h_ema15_dist0.000__short_cand_088_ETH_USDT__4h_ema20_dist0.000,combined__cand_002_AVAX_USDT__4h_ema15_dist0.000__short_cand_088_ETH_USDT__4h_ema20_dist0.000,1,2.710105416612176,long,LINK/USDT,2023-11-29,2023-11-29 04:00:00,2023-12-11 00:00:00,14.644,14.6542508,14.6542508,14.6395965492,5.907479639683822,1.1106441415556716,12.988284587666492,16.87553908311134,18.54150529544485,6.482930642816575,0.04328484411791018,0.046526309439318465,0.0718559710930098,0.0668774315551304,6.393119489259346,2,11.833333333333334,stop_loss,True,1.0,0,False,baseline
31,combined__cand_002_AVAX_USDT__4h_ema15_dist0.008__short_cand_088_ETH_USDT__4h_ema15_dist0.000,combined__cand_002_AVAX_USDT__4h_ema15_dist0.008__short_cand_088_ETH_USDT__4h_ema15_dist0.000,1,2.779529070266362,long,LINK/USDT,2023-11-29,2023-11-29 04:00:00,2023-12-11 00:00:00,14.644,14.6542508,14.6542508,14.6395965492,5.907479639683822,1.1106441415556716,12.988284587666492,16.87553908311134,18.54150529544485,6.482930642816575,0.04328484411791018,0.046526309439318465,0.0718559710930098,0.0668774315551304,6.393119489259346,2,11.833333333333334,stop_loss,True,1.0,0,False,baseline
32,combined__cand_002_AVAX_USDT__4h_ema15_dist0.000__short_cand_088_ETH_USDT__4h_ema15_dist0.000,combined__cand_002_AVAX_USDT__4h_ema15_dist0.000__short_cand_088_ETH_USDT__4h_ema15_dist0.000,1,2.672049769214279,long,LINK/USDT,2023-11-29,2023-11-29 04:00:00,2023-12-11 00:00:00,14.644,14.6542508,14.6542508,14.6395965492,5.907479639683822,1.1106441415556716,12.988284587666492,16.87553908311134,18.54150529544485,6.482930642816575,0.04328484411791018,0.046526309439318465,0.0718559710930098,0.0668774315551304,6.393119489259346,2,11.833333333333334,stop_loss,True,1.0,0,False,baseline
33,combined__cand_002_AVAX_USDT__4h_ema15_dist0.008__short_cand_088_ETH_USDT__4h_ema20_dist0.000,combined__cand_002_AVAX_USDT__4h_ema15_dist0.008__short_cand_088_ETH_USDT__4h_ema20_dist0.000,1,2.8093317976574874,long,ETH/USDT,2023-12-28,2023-12-28 04:00:00,2023-12-29 20:00:00,2413.65,2414.374095,2268.187082155543,2267.279807322681,0.06691867587388405,97.45800856297147,2268.187082155543,2609.290112125943,2755.4771249704004,-9.843354959978383,0.08078335875080357,0.07586168127081437,0.06266046763901957,0.04650864143671954,-10.0,1,1.6666666666666667,stop_loss,False,1.0,0,False,baseline
35,combined__cand_002_AVAX_USDT__4h_ema15_dist0.000__short_cand_088_ETH_USDT__4h_ema20_dist0.000,combined__cand_002_AVAX_USDT__4h_ema15_dist0.000__short_cand_088_ETH_USDT__4h_ema20_dist0.000,1,2.710105416612176,long,ETH/USDT,2023-12-28,2023-12-28 04:00:00,2023-12-29 20:00:00,2413.65,2414.374095,2268.187082155543,2267.279807322681,0.06691867587388405,97.45800856297147,2268.187082155543,2609.290112125943,2755.4771249704004,-9.843354959978383,0.08078335875080357,0.07586168127081437,0.06266046763901957,0.04650864143671954,-10.0,1,1.6666666666666667,stop_loss,False,1.0,0,False,baseline
34,combined__cand_002_AVAX_USDT__4h_ema15_dist0.000__short_cand_088_ETH_USDT__4h_ema20_dist0.000,combined__cand_002_AVAX_USDT__4h_ema15_dist0.000__short_cand_088_ETH_USDT__4h_ema20_dist0.000,1,2.710105416612176,long,BTC/USDT,2023-12-28,2023-12-28 04:00:00,2024-01-03 12:00:00,43408.4,43421.42252,41211.626401239075,41195.14175067858,0.00440802621064338,1473.1974125072825,41211.626401239075,46367.81734501456,48577.61346377549,-9.813503983420128,0.09570138428579036,0.0907946322940803,0.07460145886439934,0.05546692236819012,-10.0,1,6.333333333333333,stop_loss,False,1.0,0,False,baseline
36,combined__cand_002_AVAX_USDT__4h_ema15_dist0.008__short_cand_088_ETH_USDT__4h_ema15_dist0.000,combined__cand_002_AVAX_USDT__4h_ema15_dist0.008__short_cand_088_ETH_USDT__4h_ema15_dist0.000,1,2.779529070266362,long,BTC/USDT,2023-12-28,2023-12-28 04:00:00,2024-01-03 12:00:00,43408.4,43421.42252,41211.626401239075,41195.14175067858,0.00440802621064338,1473.1974125072825,41211.626401239075,46367.81734501456,48577.61346377549,-9.813503983420128,0.09570138428579036,0.0907946322940803,0.07460145886439934,0.05546692236819012,-10.0,1,6.333333333333333,stop_loss,False,1.0,0,False,baseline
37,combined__cand_002_AVAX_USDT__4h_ema15_dist0.008__short_cand_088_ETH_USDT__4h_ema20_dist0.000,combined__cand_002_AVAX_USDT__4h_ema15_dist0.008__short_cand_088_ETH_USDT__4h_ema20_dist0.000,1,2.8093317976574874,long,LINK/USDT,2024-01-17,2024-01-17 04:00:00,2024-01-23 08:00:00,15.846,15.857092199999999,14.114130774182584,14.100016643408402,5.64316853410406,1.1619742838782763,14.114130774182584,18.18104076775655,19.924002193573966,-9.915473493001073,0.04474212187271345,0.03978438512621292,0.06762802690500394,0.07461554578008203,-10.0,1,6.166666666666667,stop_loss,False,1.0,0,False,baseline
38,combined__cand_002_AVAX_USDT__4h_ema15_dist0.000__short_cand_088_ETH_USDT__4h_ema20_dist0.000,combined__cand_002_AVAX_USDT__4h_ema15_dist0.000__short_cand_088_ETH_USDT__4h_ema20_dist0.000,1,2.710105416612176,long,LINK/USDT,2024-01-17,2024-01-17 04:00:00,2024-01-23 08:00:00,15.846,15.857092199999999,14.114130774182584,14.100016643408402,5.64316853410406,1.1619742838782763,14.114130774182584,18.18104076775655,19.924002193573966,-9.915473493001073,0.04474212187271345,0.03978438512621292,0.06762802690500394,0.07461554578008203,-10.0,1,6.166666666666667,stop_loss,False,1.0,0,False,baseline
39,combined__cand_002_AVAX_USDT__4h_ema15_dist0.008__short_cand_088_ETH_USDT__4h_ema15_dist0.000,combined__cand_002_AVAX_USDT__4h_ema15_dist0.008__short_cand_088_ETH_USDT__4h_ema15_dist0.000,1,2.779529070266362,long,LINK/USDT,2024-01-17,2024-01-17 04:00:00,2024-01-23 08:00:00,15.846,15.857092199999999,14.114130774182584,14.100016643408402,5.64316853410406,1.1619742838782763,14.114130774182584,18.18104076775655,19.924002193573966,-9.915473493001073,0.04474212187271345,0.03978438512621292,0.06762802690500394,0.07461554578008203,-10.0,1,6.166666666666667,stop_loss,False,1.0,0,False,baseline
40,combined__cand_002_AVAX_USDT__4h_ema15_dist0.000__short_cand_088_ETH_USDT__4h_ema15_dist0.000,combined__cand_002_AVAX_USDT__4h_ema15_dist0.000__short_cand_088_ETH_USDT__4h_ema15_dist0.000,1,2.672049769214279,long,LINK/USDT,2024-01-17,2024-01-17 04:00:00,2024-01-23 08:00:00,15.846,15.857092199999999,14.114130774182584,14.100016643408402,5.64316853410406,1.1619742838782763,14.114130774182584,18.18104076775655,19.924002193573966,-9.915473493001073,0.04474212187271345,0.03978438512621292,0.06762802690500394,0.07461554578008203,-10.0,1,6.166666666666667,stop_loss,False,1.0,0,False,baseline
42,combined__cand_002_AVAX_USDT__4h_ema15_dist0.008__short_cand_088_ETH_USDT__4h_ema20_dist0.000,combined__cand_002_AVAX_USDT__4h_ema15_dist0.008__short_cand_088_ETH_USDT__4h_ema20_dist0.000,1,2.8093317976574874,short,DOGE/USDT,2024-02-03,2024-02-04 00:00:00,2024-02-14 00:00:00,0.07874,0.078653386,0.08433247769981504,0.08446740966413473,1696.1847876127072,0.0037860611332100258,0.08433247769981504,0.07108126373357995,0.06540217203376492,-9.861658493925605,0.06670533841371513,0.07163616766067794,0.1659606335716432,0.2098222608644264,-9.999999999999998,1,10.0,stop_loss,False,1.0,0,False,baseline
44,combined__cand_002_AVAX_USDT__4h_ema15_dist0.008__short_cand_088_ETH_USDT__4h_ema15_dist0.000,combined__cand_002_AVAX_USDT__4h_ema15_dist0.008__short_cand_088_ETH_USDT__4h_ema15_dist0.000,1,2.779529070266362,short,DOGE/USDT,2024-02-03,2024-02-04 00:00:00,2024-02-14 00:00:00,0.07874,0.078653386,0.08433247769981504,0.08446740966413473,1696.1847876127072,0.0037860611332100258,0.08433247769981504,0.07108126373357995,0.06540217203376492,-9.861658493925605,0.06670533841371513,0.07163616766067794,0.1659606335716432,0.2098222608644264,-9.999999999999998,1,10.0,stop_loss,False,1.0,0,False,baseline
41,combined__cand_002_AVAX_USDT__4h_ema15_dist0.008__short_cand_088_ETH_USDT__4h_ema20_dist0.000,combined__cand_002_AVAX_USDT__4h_ema15_dist0.008__short_cand_088_ETH_USDT__4h_ema20_dist0.000,1,2.8093317976574874,long,AVAX/USDT,2024-02-03,2024-02-04 00:00:00,2024-02-21 00:00:00,35.96,35.985172,35.985172,35.949186828,2.4116571455635345,2.7204620258310865,31.904478961253368,41.42609605166217,45.5067890904088,6.4824627960412,0.043391948594066414,0.046633179992087014,0.07202716393057093,0.0670379575261481,6.392437667455047,2,17.0,stop_loss,True,1.0,0,False,baseline
43,combined__cand_002_AVAX_USDT__4h_ema15_dist0.008__short_cand_088_ETH_USDT__4h_ema15_dist0.000,combined__cand_002_AVAX_USDT__4h_ema15_dist0.008__short_cand_088_ETH_USDT__4h_ema15_dist0.000,1,2.779529070266362,long,AVAX/USDT,2024-02-03,2024-02-04 00:00:00,2024-02-21 00:00:00,35.96,35.985172,35.985172,35.949186828,2.4116571455635345,2.7204620258310865,31.904478961253368,41.42609605166217,45.5067890904088,6.4824627960412,0.043391948594066414,0.046633179992087014,0.07202716393057093,0.0670379575261481,6.392437667455047,2,17.0,stop_loss,True,1.0,0,False,baseline
45,combined__cand_002_AVAX_USDT__4h_ema15_dist0.008__short_cand_088_ETH_USDT__4h_ema20_dist0.000,combined__cand_002_AVAX_USDT__4h_ema15_dist0.008__short_cand_088_ETH_USDT__4h_ema20_dist0.000,1,2.8093317976574874,short,XRP/USDT,2024-02-23,2024-02-24 00:00:00,2024-02-27 00:00:00,0.5342,0.5338260600000001,0.5861,0.5866860999999999,297.71823950090743,0.021648107901611383,0.5662982218524172,0.49052984419677736,0.4580576823443603,-15.73739804874748,0.0794648773914529,0.08733357641582665,0.13341349748514664,0.1524079211653045,-15.90419650255476,1,3.0,account_breach_liquidation,False,1.0,0,False,baseline
46,combined__cand_002_AVAX_USDT__4h_ema15_dist0.000__short_cand_088_ETH_USDT__4h_ema20_dist0.000,combined__cand_002_AVAX_USDT__4h_ema15_dist0.000__short_cand_088_ETH_USDT__4h_ema20_dist0.000,1,2.710105416612176,short,XRP/USDT,2024-02-23,2024-02-24 00:00:00,2024-02-27 00:00:00,0.5342,0.5338260600000001,0.5861,0.5866860999999999,297.71823950090743,0.021648107901611383,0.5662982218524172,0.49052984419677736,0.4580576823443603,-15.73739804874748,0.0794648773914529,0.08733357641582665,0.13341349748514664,0.1524079211653045,-15.90419650255476,1,3.0,account_breach_liquidation,False,1.0,0,False,baseline
47,combined__cand_002_AVAX_USDT__4h_ema15_dist0.008__short_cand_088_ETH_USDT__4h_ema15_dist0.000,combined__cand_002_AVAX_USDT__4h_ema15_dist0.008__short_cand_088_ETH_USDT__4h_ema15_dist0.000,1,2.779529070266362,short,XRP/USDT,2024-02-23,2024-02-24 00:00:00,2024-02-27 00:00:00,0.5342,0.5338260600000001,0.5861,0.5866860999999999,297.71823950090743,0.021648107901611383,0.5662982218524172,0.49052984419677736,0.4580576823443603,-15.73739804874748,0.0794648773914529,0.08733357641582665,0.13341349748514664,0.1524079211653045,-15.90419650255476,1,3.0,account_breach_liquidation,False,1.0,0,False,baseline
48,combined__cand_002_AVAX_USDT__4h_ema15_dist0.000__short_cand_088_ETH_USDT__4h_ema15_dist0.000,combined__cand_002_AVAX_USDT__4h_ema15_dist0.000__short_cand_088_ETH_USDT__4h_ema15_dist0.000,1,2.672049769214279,short,XRP/USDT,2024-02-23,2024-02-24 00:00:00,2024-02-27 00:00:00,0.5342,0.5338260600000001,0.5861,0.5866860999999999,297.71823950090743,0.021648107901611383,0.5662982218524172,0.49052984419677736,0.4580576823443603,-15.73739804874748,0.0794648773914529,0.08733357641582665,0.13341349748514664,0.1524079211653045,-15.90419650255476,1,3.0,account_breach_liquidation,False,1.0,0,False,baseline
