rank,param_id,source_symbol,side,sma,ema,fib_floor,fib_band,rw,eb,rw_lookback,confirm_enabled,confirm_mode,confirm_ema_period,confirm_min_distance,data_mode_used,total_trades,closed_positions,win_rate,expectancy,total_profit,total_return,ending_equity,peak_equity,max_dd_dollars,max_dd_pct,breached,consistency_score,overall_survival,max_concurrent_observed
76,short_cand_076_ETH_USDT,ETH/USDT,short,75,20,0.236,0.536,0.011,0.023,8,False,disabled,20,0.0,"1D, 4H->1D",84,53,0.6309523809523809,3.0317040829735507,254.66314296977825,0.05093262859395565,5254.663142969794,5264.817511087219,109.32966292804576,2.1310134368667515,False,4.581215220473107,True,4
88,short_cand_088_ETH_USDT,ETH/USDT,short,75,20,0.236,0.586,0.011,0.023,8,False,disabled,20,0.0,"1D, 4H->1D",90,57,0.6111111111111112,2.7682169226062836,249.1395230345655,0.0498279046069131,5249.139523034581,5257.55860970909,120.28612933150453,2.3460971446903414,False,4.682784379035695,True,4
78,short_cand_078_ETH_USDT,ETH/USDT,short,80,20,0.236,0.536,0.011,0.023,8,False,disabled,20,0.0,"1D, 4H->1D",80,51,0.625,2.8707892871222285,229.66314296977828,0.04593262859395566,5229.663142969793,5239.817511087218,109.32966292804576,2.1337861683618153,False,5.079903773763953,True,4
82,short_cand_082_ETH_USDT,ETH/USDT,short,75,20,0.236,0.486,0.011,0.023,8,False,disabled,20,0.0,"1D, 4H->1D",80,52,0.625,2.8563482039839867,228.50785631871892,0.04570157126374379,5228.5078563187335,5242.755383844337,99.61245221240551,1.944135443528459,False,5.105586676369761,True,4
74,short_cand_074_DOGE_USDT,DOGE/USDT,short,80,20,0.236,0.636,0.055,0.048,10,False,disabled,20,0.0,"1D, 4H->1D",86,53,0.5930232558139535,2.5851175327373808,222.32010781541476,0.044464021563082955,5222.320107815429,5236.990426461527,127.50371221611749,2.449157147416301,False,5.247688471055047,True,4
75,short_cand_075_DOGE_USDT,DOGE/USDT,short,80,20,0.236,0.636,0.041,0.028,10,False,disabled,20,0.0,"1D, 4H->1D",75,46,0.6266666666666667,2.9089989620213803,218.1749221516035,0.043634984430320704,5218.174922151616,5232.13568573304,95.50222615615075,1.8681596129114082,False,5.34739123617509,True,4
70,short_cand_070_DOGE_USDT,DOGE/USDT,short,80,20,0.236,0.686,0.044,0.028,10,False,disabled,20,0.0,"1D, 4H->1D",74,45,0.6216216216216216,2.9257872362829302,216.50825548493685,0.04330165109698737,5216.508255484949,5230.469019066373,90.0339356294935,1.7551230955468913,False,5.3885551109982295,True,4
145,short_cand_145_XRP_USDT,XRP/USDT,short,40,20,0.236,0.436,0.038,0.043,8,False,disabled,20,0.0,"1D, 4H->1D",104,68,0.5865384615384616,2.057593268122522,213.9896998847423,0.04279793997694846,5213.989699884759,5228.82031711699,150.27798941685705,2.904347130679091,False,5.451975806756349,True,4
63,short_cand_063_DOGE_USDT,DOGE/USDT,short,80,20,0.236,0.636,0.05,0.043,10,False,disabled,20,0.0,"1D, 4H->1D",87,54,0.5862068965517241,2.4404610093725836,212.3201078154148,0.04246402156308296,5212.320107815429,5227.096382484255,127.50371221611749,2.4546580202814132,False,5.494847749799254,True,4
73,short_cand_073_DOGE_USDT,DOGE/USDT,short,80,20,0.236,0.636,0.05,0.048,10,False,disabled,20,0.0,"1D, 4H->1D",91,57,0.5824175824175825,2.314872979656573,210.65344114874813,0.04213068822974963,5210.653441148763,5225.429715817589,127.50371221611749,2.4554458770701495,False,5.538322375863074,True,4
61,short_cand_061_DOGE_USDT,DOGE/USDT,short,80,20,0.236,0.686,0.05,0.028,10,False,disabled,20,0.0,"1D, 4H->1D",63,38,0.6507936507936508,3.304363843676246,208.1749221516035,0.0416349844303207,5208.174922151614,5222.135685733038,89.6565954031048,1.7495933981647795,False,5.604261332770146,True,4
77,short_cand_077_ETH_USDT,ETH/USDT,short,90,20,0.236,0.536,0.011,0.023,8,False,disabled,20,0.0,"1D, 4H->1D",71,45,0.6197183098591549,2.882579478447581,204.66314296977825,0.04093262859395565,5204.663142969791,5214.817511087216,99.97616104879125,1.9537760681572203,False,5.700423875729026,True,4
86,short_cand_086_ETH_USDT,ETH/USDT,short,65,20,0.236,0.536,0.008,0.023,8,False,disabled,20,0.0,"1D, 4H->1D",87,57,0.5977011494252874,2.2758215667024317,197.99647630311156,0.039599295260622315,5197.996476303127,5211.30400283413,119.32966292804576,2.3335103998311646,False,5.892360755353162,True,4
141,short_cand_141_XRP_USDT,XRP/USDT,short,30,20,0.236,0.436,0.041,0.038,8,False,disabled,20,0.0,"1D, 4H->1D",102,67,0.5784313725490197,1.9088782958351547,194.70558617518577,0.038941117235037154,5194.7055861752015,5209.49790662388,134.92372371214879,2.6190004245119067,False,5.991952719923311,True,4
84,short_cand_084_ETH_USDT,ETH/USDT,short,80,20,0.236,0.486,0.011,0.023,8,False,disabled,20,0.0,"1D, 4H->1D",77,51,0.6103896103896104,2.513089043100246,193.50785631871895,0.03870157126374379,5193.507856318733,5207.755383844336,99.61245221240551,1.9504800274115723,False,6.029040313201019,True,4
87,short_cand_087_ETH_USDT,ETH/USDT,short,65,20,0.236,0.486,0.011,0.023,8,False,disabled,20,0.0,"1D, 4H->1D",81,54,0.6049382716049383,2.3684097487907687,191.84118965205226,0.03836823793041045,5191.8411896520665,5207.970669500796,120.15392095324842,2.352696051842738,False,6.081419056995439,True,4
64,short_cand_064_DOGE_USDT,DOGE/USDT,short,80,20,0.236,0.586,0.055,0.048,10,False,disabled,20,0.0,"1D, 4H->1D",83,52,0.5783132530120482,2.256868768860419,187.3201078154148,0.037464021563082955,5187.320107815428,5200.0287895092915,127.50371221611749,2.4570231088640764,False,6.228197710714005,True,4
62,short_cand_062_DOGE_USDT,DOGE/USDT,short,75,20,0.236,0.686,0.05,0.028,10,False,disabled,20,0.0,"1D, 4H->1D",63,39,0.6349206349206349,2.8810834203958224,181.50825548493683,0.03630165109698737,5181.508255484947,5195.469019066371,89.6565954031048,1.755302339358522,False,6.427623159892512,True,4
72,short_cand_072_DOGE_USDT,DOGE/USDT,short,80,20,0.236,0.636,0.05,0.038,10,False,disabled,20,0.0,"1D, 4H->1D",90,57,0.5666666666666667,1.942684320203002,174.84158881827017,0.034968317763654035,5174.8415888182835,5196.582890600038,127.50371221611749,2.459392759417238,False,6.672706845962701,True,4
92,short_cand_092_LINK_USDT,LINK/USDT,short,90,20,0.236,0.686,0.026,0.018,12,False,disabled,20,0.0,"1D, 4H->1D",72,46,0.5972222222222222,2.420576637320923,174.28151788710647,0.034856303577421296,5174.281517887119,5199.938750735244,133.27810255777604,2.606464776934634,False,6.694150250759197,True,4
33,short_cand_033_BNB_USDT,BNB/USDT,short,35,20,0.236,0.486,0.032,0.023,8,False,disabled,20,0.0,"1D, 4H->1D",84,54,0.5952380952380952,2.072371388866606,174.07919666479492,0.03481583933295898,5174.079196664809,5185.496101963698,109.84172851500989,2.1534123843353687,False,6.701930437519126,True,4
71,short_cand_071_DOGE_USDT,DOGE/USDT,short,70,20,0.236,0.386,0.017,0.033,8,False,disabled,20,0.0,"1D, 4H->1D",81,53,0.6049382716049383,2.137735849754499,173.15660383011442,0.034631320766022884,5173.156603830128,5185.90148900293,110.23022134507846,2.1640000790939338,False,6.737638882149101,True,4
79,short_cand_079_ETH_USDT,ETH/USDT,short,75,20,0.236,0.436,0.011,0.023,8,False,disabled,20,0.0,"1D, 4H->1D",74,49,0.6081081081081081,2.3205805610905417,171.72296152070007,0.03434459230414001,5171.7229615207125,5182.7553838443355,99.32966292804576,1.9411419307471554,False,6.793888576898512,True,4
67,short_cand_067_DOGE_USDT,DOGE/USDT,short,70,20,0.236,0.686,0.05,0.028,10,False,disabled,20,0.0,"1D, 4H->1D",68,43,0.6176470588235294,2.4976704237980907,169.84158881827017,0.033968317763654034,5169.841588818281,5183.802352399705,96.65079052021792,1.89347080448619,False,6.869145977637994,True,4
44,short_cand_044_BNB_USDT,BNB/USDT,short,35,20,0.236,0.536,0.032,0.023,8,False,disabled,20,0.0,"1D, 4H->1D",85,55,0.5882352941176471,1.930343490174058,164.07919666479492,0.032815839332958986,5164.079196664809,5175.496101963698,109.84172851500989,2.1548205368632023,False,7.110387485929158,True,4
81,short_cand_081_ETH_USDT,ETH/USDT,short,80,20,0.236,0.586,0.047,0.038,8,False,disabled,20,0.0,"1D, 4H->1D",64,41,0.59375,2.551847770902754,163.31825733777626,0.03266365146755525,5163.318257337786,5179.048092427388,90.84790099923066,1.780337996796813,False,7.143516503814737,True,4
85,short_cand_085_ETH_USDT,ETH/USDT,short,90,20,0.236,0.586,0.029,0.038,8,False,disabled,20,0.0,"1D, 4H->1D",74,49,0.581081081081081,2.112053988159923,156.2919951238343,0.03125839902476686,5156.291995123846,5167.460049082959,119.77204869919387,2.334959739390808,False,7.464660398904538,True,4
140,short_cand_140_XRP_USDT,XRP/USDT,short,30,20,0.236,0.436,0.044,0.038,8,False,disabled,20,0.0,"1D, 4H->1D",96,63,0.5520833333333334,1.6115165226581851,154.70558617518577,0.030941117235037154,5154.7055861752,5169.497906623878,95.9534099439752,1.8816193187837362,False,7.541205818809639,True,4
142,short_cand_142_XRP_USDT,XRP/USDT,short,30,20,0.236,0.436,0.047,0.038,8,False,disabled,20,0.0,"1D, 4H->1D",96,63,0.5520833333333334,1.6115165226581851,154.70558617518577,0.030941117235037154,5154.7055861752,5169.497906623878,95.9534099439752,1.8816193187837362,False,7.541205818809639,True,4
143,short_cand_143_XRP_USDT,XRP/USDT,short,30,20,0.236,0.436,0.038,0.038,8,False,disabled,20,0.0,"1D, 4H->1D",111,75,0.5495495495495496,1.3813381533406797,153.32853502081545,0.03066570700416309,5153.328535020832,5173.004147023933,136.48246905155065,2.659831594175908,False,7.608933761144223,True,4
35,short_cand_035_BNB_USDT,BNB/USDT,short,40,20,0.236,0.536,0.032,0.023,8,False,disabled,20,0.0,"1D, 4H->1D",85,55,0.5764705882352941,1.793088588213273,152.4125299981282,0.030482505999625643,5152.412529998142,5163.829435297031,85.73087236804167,1.6696016337877706,False,7.654663738479998,True,4
80,short_cand_080_ETH_USDT,ETH/USDT,short,65,20,0.236,0.436,0.011,0.023,8,False,disabled,20,0.0,"1D, 4H->1D",76,51,0.5921052631578947,1.9963547568513167,151.72296152070007,0.030344592304140012,5151.7229615207125,5162.7553838443355,113.35585722585256,2.215247702152043,False,7.689453560445396,True,4
68,short_cand_068_DOGE_USDT,DOGE/USDT,short,75,20,0.236,0.686,0.038,0.018,10,False,disabled,20,0.0,"1D, 4H->1D",56,35,0.6071428571428571,2.6091610217607903,146.11301721860426,0.02922260344372085,5146.113017218614,5156.557932927558,103.8222987809122,2.0293883969333364,False,7.984686709474903,True,4
46,short_cand_046_BTC_USDT,BTC/USDT,short,40,20,0.236,0.636,0.047,0.028,8,False,disabled,20,0.0,"1D, 4H->1D",81,52,0.5555555555555556,1.7924709902031892,145.19015020645833,0.029038030041291664,5145.19015020647,5149.578731823106,80.73179295816135,1.5885226434065665,False,8.035439490955024,True,4
69,short_cand_069_DOGE_USDT,DOGE/USDT,short,75,20,0.236,0.686,0.05,0.033,10,False,disabled,20,0.0,"1D, 4H->1D",79,51,0.569620253164557,1.7701466939021533,139.8415888182701,0.02796831776365402,5139.841588818282,5156.0146945670795,142.32567865812234,2.7630267527177104,False,8.342773251688367,True,4
97,short_cand_097_LINK_USDT,LINK/USDT,short,90,20,0.236,0.636,0.041,0.038,8,False,disabled,20,0.0,"1D, 4H->1D",60,40,0.6,2.249748733407382,134.98492400444292,0.026996984800888583,5134.984924004452,5150.714759094054,102.96231931807415,2.015110480883723,False,8.642940500735232,True,4
38,short_cand_038_BNB_USDT,BNB/USDT,short,30,20,0.236,0.336,0.008,0.018,25,False,disabled,20,0.0,"1D, 4H->1D",76,48,0.5394736842105263,1.7617445714844646,133.8925874328193,0.026778517486563864,5133.8925874328315,5169.784909674914,71.37367595008527,1.3998050410998593,False,8.71345224583133,True,4
42,short_cand_042_BNB_USDT,BNB/USDT,short,30,20,0.236,0.486,0.032,0.023,8,False,disabled,20,0.0,"1D, 4H->1D",90,59,0.5555555555555556,1.4342132962754992,129.07919666479492,0.025815839332958983,5129.079196664809,5140.496101963698,124.77623026901256,2.4543636322684654,False,9.038378738104308,True,4
114,short_cand_114_SOL_USDT,SOL/USDT,short,30,20,0.236,0.336,0.029,0.043,8,False,disabled,20,0.0,"1D, 4H->1D",103,70,0.5533980582524272,1.2510006129234408,128.8530631311144,0.02577061262622288,5128.8530631311305,5154.395149651027,140.99094497356782,2.744724156958263,False,9.054240840821343,True,4
32,short_cand_032_BNB_USDT,BNB/USDT,short,30,20,0.236,0.336,0.008,0.013,25,False,disabled,20,0.0,"1D, 4H->1D",61,39,0.5409836065573771,1.6512611180130512,100.72692819879612,0.020145385639759223,5100.726928198806,5140.657654602518,68.32732726224458,1.3313903078960874,False,11.582470423044345,True,4
58,short_cand_058_BTC_USDT,BTC/USDT,short,30,20,0.236,0.336,0.008,0.023,8,False,disabled,20,0.0,"1D, 4H->1D",57,38,0.5789473684210527,1.6704585894203143,95.21613959695792,0.019043227919391583,5095.216139596967,5114.507785691115,73.32013094644844,1.4633206676798027,False,12.252824695530306,True,4
50,short_cand_050_BTC_USDT,BTC/USDT,short,30,20,0.236,0.336,0.014,0.013,25,False,disabled,20,0.0,"1D, 4H->1D",58,37,0.5344827586206896,1.5929930149217721,92.39359486546279,0.018478718973092556,5092.393594865472,5132.324321269184,68.32732726224458,1.3335654912860413,False,12.627137934891344,True,4
45,short_cand_045_BNB_USDT,BNB/USDT,short,45,20,0.236,0.336,0.008,0.018,25,False,disabled,20,0.0,"1D, 4H->1D",69,44,0.5072463768115942,1.2882983685915845,88.89258743281933,0.017778517486563866,5088.89258743283,5124.784909674912,73.53749167533442,1.4413002955729988,False,13.124453909594846,True,4
99,short_cand_099_LINK_USDT,LINK/USDT,short,65,20,0.236,0.636,0.055,0.048,8,False,disabled,20,0.0,"1D, 4H->1D",77,52,0.5194805194805194,1.148939312042002,88.46832702723415,0.01769366540544683,5088.468327027244,5109.324808833028,125.05505015390827,2.4475846581081013,False,13.187393792441892,True,4
136,short_cand_136_XRP_USDT,XRP/USDT,short,30,20,0.236,0.386,0.044,0.043,8,False,disabled,20,0.0,"1D, 4H->1D",96,65,0.5208333333333334,0.9123832945525984,87.58879627704944,0.01751775925540989,5087.588796277062,5099.5768681624695,114.52521410048485,2.2493777793823244,False,13.319816189463541,True,4
31,short_cand_031_BNB_USDT,BNB/USDT,short,30,20,0.236,0.336,0.005,0.013,25,False,disabled,20,0.0,"1D, 4H->1D",60,39,0.5333333333333333,1.4010043588688244,84.06026153212946,0.016812052306425893,5084.060261532139,5138.0118973961535,82.34823672254697,1.6027256917073216,False,13.878932154175427,True,4
37,short_cand_037_BNB_USDT,BNB/USDT,short,30,20,0.236,0.336,0.002,0.013,25,False,disabled,20,0.0,"1D, 4H->1D",60,39,0.5333333333333333,1.4010043588688244,84.06026153212946,0.016812052306425893,5084.060261532139,5138.0118973961535,82.34823672254697,1.6027256917073216,False,13.878932154175427,True,4
59,short_cand_059_BTC_USDT,BTC/USDT,short,75,20,0.236,0.436,0.008,0.018,8,False,disabled,20,0.0,"1D, 4H->1D",60,41,0.55,1.3620493586783347,81.72296152070008,0.016344592304140017,5081.722961520709,5092.755383844332,105.99632959471273,2.0898026364798845,False,14.275873572828795,True,4
43,short_cand_043_BNB_USDT,BNB/USDT,short,35,20,0.236,0.336,0.008,0.013,25,False,disabled,20,0.0,"1D, 4H->1D",61,40,0.5245901639344263,1.2141026480676957,74.06026153212945,0.014812052306425889,5074.060261532139,5123.990987935851,79.97441237787461,1.560783626789545,False,15.752937439473316,True,4
102,short_cand_102_LINK_USDT,LINK/USDT,short,60,20,0.236,0.636,0.053,0.043,8,False,disabled,20,0.0,"1D, 4H->1D",71,48,0.5070422535211268,1.011290990993908,71.80166036056747,0.014360332072113494,5071.8016603605765,5103.39713926781,131.57713008680093,2.578226355820673,False,16.248463626161282,True,4
36,short_cand_036_BNB_USDT,BNB/USDT,short,40,20,0.236,0.336,0.008,0.013,25,False,disabled,20,0.0,"1D, 4H->1D",59,38,0.5084745762711864,1.1987614948948493,70.7269281987961,0.014145385639759221,5070.726928198805,5120.657654602517,79.97441237787461,1.5617996314593015,False,16.495367413489987,True,4
100,short_cand_100_LINK_USDT,LINK/USDT,short,60,20,0.236,0.636,0.055,0.043,8,False,disabled,20,0.0,"1D, 4H->1D",69,47,0.5072463768115942,0.9439854158536349,65.13499369390081,0.013026998738780162,5065.13499369391,5103.39713926781,131.57713008680093,2.578226355820673,False,17.911518839617433,True,4
139,short_cand_139_XRP_USDT,XRP/USDT,short,30,20,0.236,0.386,0.047,0.043,8,False,disabled,20,0.0,"1D, 4H->1D",91,62,0.5054945054945055,0.6694739517624481,60.922129610382775,0.012184425922076554,5060.922129610394,5073.084175553648,114.52521410048485,2.2575066791196345,False,19.150129421408728,True,4
39,short_cand_039_BNB_USDT,BNB/USDT,short,35,20,0.236,0.336,0.005,0.013,25,False,disabled,20,0.0,"1D, 4H->1D",60,40,0.5166666666666667,0.9565599144243796,57.393594865462774,0.011478718973092555,5057.393594865472,5121.3452307294865,93.995321838177,1.8353639054477153,False,20.327471548026725,False,4
34,short_cand_034_BNB_USDT,BNB/USDT,short,40,20,0.236,0.336,0.005,0.013,25,False,disabled,20,0.0,"1D, 4H->1D",58,38,0.5,0.932073474691887,54.060261532129445,0.010812052306425889,5054.060261532138,5118.011897396153,93.995321838177,1.8365592679844729,False,21.580855023671806,False,4
41,short_cand_041_BNB_USDT,BNB/USDT,short,40,20,0.236,0.336,0.002,0.013,25,False,disabled,20,0.0,"1D, 4H->1D",58,38,0.5,0.932073474691887,54.060261532129445,0.010812052306425889,5054.060261532138,5118.011897396153,93.995321838177,1.8365592679844729,False,21.580855023671806,False,4
54,short_cand_054_BTC_USDT,BTC/USDT,short,30,20,0.236,0.336,0.005,0.018,8,False,disabled,20,0.0,"1D, 4H->1D",55,37,0.509090909090909,0.7615055684295379,41.88280626362458,0.008376561252724917,5041.882806263632,5067.919916623879,82.84194906882476,1.6403370438292486,False,27.855503743547448,False,4
55,short_cand_055_BTC_USDT,BTC/USDT,short,55,20,0.236,0.336,0.002,0.013,25,False,disabled,20,0.0,"1D, 4H->1D",48,33,0.4791666666666667,0.1887554485860302,9.060261532129449,0.0018120523064258896,5009.060261532136,5073.011897396151,93.995321838177,1.852850411930286,False,128.7674381726665,False,4
52,short_cand_052_BTC_USDT,BTC/USDT,short,55,20,0.236,0.336,0.008,0.013,18,False,disabled,20,0.0,"1D, 4H->1D",38,27,0.47368421052631576,-0.07638778239453829,-2.9027357309924553,-0.0005805471461984911,4997.097264269013,5051.181111241982,69.89815595792061,1.3837982526968644,False,999.0,False,4
49,short_cand_049_BTC_USDT,BTC/USDT,short,30,20,0.236,0.336,0.011,0.013,18,False,disabled,20,0.0,"1D, 4H->1D",47,34,0.46808510638297873,-0.36611102860314787,-17.20721834434795,-0.00344144366886959,4982.7927816556585,5032.348882111076,79.84573730634929,1.5870177507213374,False,999.0,False,4
19,short_cand_019_AVAX_USDT,AVAX/USDT,short,40,20,0.236,0.336,0.041,0.053,8,False,disabled,20,0.0,"1D, 4H->1D",61,40,0.5573770491803278,2.9474401767570475,179.7938507821799,0.03595877015643598,5179.793850782189,5342.079320235081,246.85949599188734,4.621037637101655,True,14.798086679632025,False,4
9,short_cand_009_ADA_USDT,ADA/USDT,short,65,20,0.236,0.386,0.053,0.043,25,False,disabled,20,0.0,"1D, 4H->1D",68,46,0.5735294117647058,3.0279486400426556,205.9005075229006,0.04118010150458012,5205.9005075229115,5409.382830596595,298.6924871753545,5.521747979933822,True,20.67915120058966,False,4
20,short_cand_020_AVAX_USDT,AVAX/USDT,short,30,20,0.236,0.336,0.041,0.053,8,False,disabled,20,0.0,"1D, 4H->1D",70,48,0.5142857142857142,1.8303883445073321,128.12718411551324,0.02562543682310265,5128.127184115523,5290.4126535684145,246.85949599188734,4.666167124513041,True,20.765343488239406,False,4
10,short_cand_010_ADA_USDT,ADA/USDT,short,50,20,0.236,0.336,0.053,0.043,25,False,disabled,20,0.0,"1D, 4H->1D",65,44,0.5692307692307692,2.812251627390362,182.79635578037355,0.036559271156074706,5182.796355780384,5363.887650047316,266.82394108233257,4.974450594243502,True,23.29284798467173,False,4
17,short_cand_017_AVAX_USDT,AVAX/USDT,short,40,20,0.236,0.336,0.038,0.053,10,False,disabled,20,0.0,"1D, 4H->1D",62,41,0.5,1.7718462510556672,109.85446756545136,0.02197089351309027,5109.85446756546,5218.661628859176,165.44409598739003,3.1702399533337227,True,24.04910956443109,False,4
27,short_cand_027_AVAX_USDT,AVAX/USDT,short,40,20,0.236,0.286,0.002,0.053,14,False,disabled,20,0.0,"1D, 4H->1D",70,47,0.5428571428571428,2.483860036520052,173.87020255640363,0.034774040511280725,5173.870202556414,5347.894792936113,261.26756822921107,4.88542834788583,True,24.633455148729258,False,4
144,short_cand_144_XRP_USDT,XRP/USDT,short,35,20,0.236,0.436,0.038,0.043,8,False,disabled,20,0.0,"1D, 4H->1D",79,54,0.4936708860759494,1.3446872760207274,106.23029480563746,0.021246058961127492,5106.230294805648,5239.218284686256,203.78631312450852,3.8896320414852115,True,25.657824516480975,False,4
21,short_cand_021_AVAX_USDT,AVAX/USDT,short,40,20,0.236,0.336,0.047,0.053,10,False,disabled,20,0.0,"1D, 4H->1D",59,39,0.4915254237288136,1.7206971903748816,101.52113423211802,0.020304226846423603,5101.521134232126,5210.328295525842,165.44409598739003,3.1753103951138444,True,26.023173860364228,False,4
29,short_cand_029_AVAX_USDT,AVAX/USDT,short,40,20,0.236,0.336,0.055,0.068,8,False,disabled,20,0.0,"1D, 4H->1D",62,42,0.4838709677419355,1.6087480939877312,99.74238182723934,0.01994847636544787,5099.742381827247,5233.716600057311,205.14870521261673,3.9197518874134354,True,27.10557986747623,False,4
51,short_cand_051_BTC_USDT,BTC/USDT,short,50,20,0.236,0.636,0.035,0.013,14,False,disabled,20,0.0,"1D, 4H->1D",52,35,0.5576923076923077,3.3143820602881364,172.3478671349831,0.034469573426996615,5172.347867134991,5362.242461772607,279.884987558793,5.21955114029422,True,27.958390059146172,False,4
115,short_cand_115_SOL_USDT,SOL/USDT,short,30,20,0.236,0.286,0.035,0.053,25,False,disabled,20,0.0,"1D, 4H->1D",70,48,0.5428571428571428,2.167118390061004,151.69828730427028,0.030339657460854055,5151.698287304281,5326.7564301482835,262.7818427699358,4.9332430760799895,True,28.233831195357688,False,4
146,short_cand_146_XRP_USDT,XRP/USDT,short,55,20,0.236,0.436,0.047,0.018,21,False,disabled,20,0.0,"1D, 4H->1D",56,39,0.5535714285714286,2.900935457458664,162.45238561768517,0.03249047712353703,5162.452385617693,5353.052058489646,280.8383388744951,5.246321832964448,True,28.761573078786984,False,4
147,short_cand_147_XRP_USDT,XRP/USDT,short,55,20,0.236,0.436,0.047,0.023,21,False,disabled,20,0.0,"1D, 4H->1D",60,42,0.55,2.679761982516976,160.78571895101854,0.03215714379020371,5160.785718951027,5351.38539182298,280.8383388744951,5.2479557780237895,True,29.05970873065986,False,4
111,short_cand_111_SOL_USDT,SOL/USDT,short,40,20,0.236,0.336,0.008,0.038,25,False,disabled,20,0.0,"1D, 4H->1D",71,48,0.5070422535211268,2.058085324141343,146.12405801403534,0.029224811602807068,5146.124058014046,5347.203213308031,295.17156693998277,5.520111264994842,True,29.13858118377222,False,4
5,short_cand_005_ADA_USDT,ADA/USDT,short,60,20,0.236,0.386,0.053,0.033,25,False,disabled,20,0.0,"1D, 4H->1D",60,42,0.55,2.6674315309520313,160.0458918571219,0.03200917837142438,5160.04589185713,5365.123395740678,301.0362741997251,5.61098509754156,True,29.194039950350774,False,4
138,short_cand_138_XRP_USDT,XRP/USDT,short,35,20,0.236,0.386,0.038,0.043,8,False,disabled,20,0.0,"1D, 4H->1D",75,52,0.49333333333333335,1.238626152964055,92.89696147230413,0.018579392294460824,5092.896961472314,5225.884951352922,203.78631312450852,3.8995560564675382,True,29.340445793479432,False,4
53,short_cand_053_BTC_USDT,BTC/USDT,short,50,20,0.236,0.586,0.032,0.013,14,False,disabled,20,0.0,"1D, 4H->1D",53,36,0.5471698113207547,3.0631673044336436,162.34786713498312,0.03246957342699663,5162.347867134991,5352.242461772607,279.884987558793,5.229303223047522,True,29.68051863111566,False,4
149,short_cand_149_XRP_USDT,XRP/USDT,short,50,20,0.236,0.436,0.047,0.018,21,False,disabled,20,0.0,"1D, 4H->1D",56,39,0.5357142857142857,2.6926021241253304,150.7857189510185,0.030157143790203702,5150.785718951026,5341.385391822979,280.8383388744951,5.257780861579937,True,30.986927629957595,False,4
12,short_cand_012_ADA_USDT,ADA/USDT,short,50,20,0.236,0.386,0.053,0.028,25,False,disabled,20,0.0,"1D, 4H->1D",60,42,0.5333333333333333,2.5057045066739008,150.34227040043405,0.03006845408008681,5150.342270400442,5356.4216231025985,302.45713836510095,5.646626790179911,True,31.078326463485723,False,4
3,short_cand_003_ADA_USDT,ADA/USDT,short,50,20,0.236,0.386,0.053,0.033,25,False,disabled,20,0.0,"1D, 4H->1D",61,43,0.5409836065573771,2.4597687189692112,150.0458918571219,0.03000917837142438,5150.04589185713,5355.123395740678,301.0362741997251,5.621462886161714,True,31.139714009734565,False,4
13,short_cand_013_ADA_USDT,ADA/USDT,short,60,20,0.236,0.386,0.05,0.033,25,False,disabled,20,0.0,"1D, 4H->1D",61,43,0.5409836065573771,2.4597687189692112,150.0458918571219,0.03000917837142438,5150.04589185713,5355.123395740678,301.0362741997251,5.621462886161714,True,31.139714009734565,False,4
150,short_cand_150_XRP_USDT,XRP/USDT,short,50,20,0.236,0.436,0.047,0.023,21,False,disabled,20,0.0,"1D, 4H->1D",60,42,0.5333333333333333,2.4853175380725308,149.11905228435185,0.02982381045687037,5149.11905228436,5339.718725156313,280.8383388744951,5.259421953284139,True,31.333260835487774,False,4
2,short_cand_002_ADA_USDT,ADA/USDT,short,65,20,0.236,0.386,0.053,0.033,25,False,disabled,20,0.0,"1D, 4H->1D",60,42,0.5333333333333333,2.4729870865075867,148.3792251904552,0.02967584503809104,5148.379225190463,5353.456729074011,301.0362741997251,5.62321298993287,True,31.48949022188921,False,4
113,short_cand_113_SOL_USDT,SOL/USDT,short,35,20,0.236,0.336,0.008,0.038,25,False,disabled,20,0.0,"1D, 4H->1D",76,52,0.5131578947368421,1.7629877750192482,133.98707090146286,0.02679741418029257,5133.987070901474,5323.8837338405365,281.8890755487673,5.294801495325266,True,31.778049170695944,False,4
47,short_cand_047_BTC_USDT,BTC/USDT,short,40,20,0.236,0.536,0.029,0.013,14,False,disabled,20,0.0,"1D, 4H->1D",59,39,0.5254237288135594,2.5070733439734227,147.91732729443194,0.029583465458886387,5147.917327294441,5296.214781556711,220.89017212994713,4.170717790735464,True,32.57609492652821,False,4
7,short_cand_007_ADA_USDT,ADA/USDT,short,40,20,0.236,0.336,0.053,0.038,25,False,disabled,20,0.0,"1D, 4H->1D",62,43,0.5161290322580645,2.088022441086592,129.4573913473687,0.02589147826947374,5129.457391347378,5330.536546641363,295.17156693998277,5.537370663483452,True,32.889954625451004,False,4
110,short_cand_110_SOL_USDT,SOL/USDT,short,40,20,0.236,0.336,0.002,0.038,25,False,disabled,20,0.0,"1D, 4H->1D",70,48,0.5,1.8493913049624093,129.45739134736866,0.02589147826947373,5129.457391347379,5330.536546641364,295.17156693998277,5.537370663483451,True,32.88995462545102,False,4
6,short_cand_006_ADA_USDT,ADA/USDT,short,50,20,0.236,0.386,0.05,0.033,25,False,disabled,20,0.0,"1D, 4H->1D",62,44,0.532258064516129,2.2588047073729336,140.0458918571219,0.028009178371424377,5140.04589185713,5345.123395740678,301.0362741997251,5.631979879821096,True,33.3632504231771,False,4
118,short_cand_118_SOL_USDT,SOL/USDT,short,30,20,0.236,0.286,0.002,0.053,25,False,disabled,20,0.0,"1D, 4H->1D",75,52,0.52,1.7115327196124932,128.364953970937,0.0256729907941874,5128.364953970948,5303.42309681495,262.7818427699358,4.95494773795727,True,33.36599051282608,False,4
40,short_cand_040_BNB_USDT,BNB/USDT,short,30,20,0.236,0.286,0.002,0.058,25,False,disabled,20,0.0,"1D, 4H->1D",79,55,0.5189873417721519,1.6037757886616495,126.69828730427031,0.02533965746085406,5126.698287304282,5301.756430148284,262.7818427699358,4.956505381417268,True,33.80490713412574,False,4
4,short_cand_004_ADA_USDT,ADA/USDT,short,60,20,0.236,0.336,0.053,0.038,25,False,disabled,20,0.0,"1D, 4H->1D",56,39,0.5178571428571429,2.222453416917298,124.45739134736868,0.024891478269473737,5124.457391347377,5325.536546641362,295.17156693998277,5.542569548717821,True,34.21128854822515,False,4
107,short_cand_107_SOL_USDT,SOL/USDT,short,40,20,0.236,0.336,0.02,0.038,25,False,disabled,20,0.0,"1D, 4H->1D",67,46,0.4925373134328358,1.8078217614035128,121.12405801403536,0.02422481160280707,5121.124058014045,5322.20321330803,295.17156693998277,5.54604089903809,True,35.152782999153054,False,4
24,short_cand_024_AVAX_USDT,AVAX/USDT,short,40,20,0.236,0.286,0.026,0.063,8,False,disabled,20,0.0,"1D, 4H->1D",58,40,0.5,1.3033239499410825,75.59278909658278,0.015118557819316555,5075.59278909659,5195.087596309663,176.2068696496408,3.3917978548583,True,35.76498670179062,False,4
57,short_cand_057_BTC_USDT,BTC/USDT,short,35,20,0.236,0.586,0.035,0.013,14,False,disabled,20,0.0,"1D, 4H->1D",68,46,0.5147058823529411,1.9791763817808619,134.5839939610986,0.02691679879221972,5134.583993961109,5282.881448223379,220.89017212994713,4.181244161824452,True,35.80343214226916,False,4
148,short_cand_148_XRP_USDT,XRP/USDT,short,80,20,0.236,0.436,0.032,0.018,21,False,disabled,20,0.0,"1D, 4H->1D",42,30,0.5476190476190477,3.0771605687164185,129.24074388608958,0.025848148777217916,5129.2407438860955,5334.92262379808,301.98968906926075,5.660619850832361,True,36.15257867042681,False,4
112,short_cand_112_SOL_USDT,SOL/USDT,short,35,20,0.236,0.336,0.002,0.038,25,False,disabled,20,0.0,"1D, 4H->1D",75,52,0.5066666666666667,1.564272056463949,117.32040423479617,0.023464080846959234,5117.320404234807,5307.2170671738695,281.8890755487673,5.3114291724057034,True,36.292474059524004,False,4
23,short_cand_023_AVAX_USDT,AVAX/USDT,short,40,20,0.236,0.286,0.02,0.058,8,False,disabled,20,0.0,"1D, 4H->1D",61,42,0.4918032786885246,1.1744709190423248,71.64272606158181,0.014328545212316362,5071.64272606159,5181.513792904421,167.0028413267919,3.2230511777366306,True,36.87606923769046,False,4
83,short_cand_083_ETH_USDT,ETH/USDT,short,85,20,0.236,0.586,0.029,0.038,8,False,disabled,20,0.0,"1D, 4H->1D",44,30,0.5,1.8022850000530797,79.30054000233551,0.015860108000467103,5079.300540002341,5191.7919709571515,165.1102947927866,3.1802178461003914,True,37.02516626588194,False,4
90,short_cand_090_ETH_USDT,ETH/USDT,short,85,20,0.236,0.536,0.029,0.038,8,False,disabled,20,0.0,"1D, 4H->1D",44,30,0.5,1.8022850000530797,79.30054000233551,0.015860108000467103,5079.300540002341,5191.7919709571515,165.1102947927866,3.1802178461003914,True,37.02516626588194,False,4
89,short_cand_089_ETH_USDT,ETH/USDT,short,80,20,0.236,0.586,0.029,0.038,8,False,disabled,20,0.0,"1D, 4H->1D",52,35,0.4807692307692308,1.5250103846602978,79.30054000233548,0.015860108000467096,5079.300540002342,5191.791970957152,165.1102947927866,3.180217846100391,True,37.02516626588196,False,4
116,short_cand_116_SOL_USDT,SOL/USDT,short,30,20,0.236,0.336,0.035,0.048,8,False,disabled,20,0.0,"1D, 4H->1D",74,51,0.4864864864864865,0.9706723605235028,71.8297546787392,0.014365950935747841,5071.829754678749,5193.457662330437,179.4543027012396,3.4553916555991306,True,37.04042983634236,False,4
15,short_cand_015_ADA_USDT,ADA/USDT,short,90,20,0.236,0.386,0.041,0.033,25,False,disabled,20,0.0,"1D, 4H->1D",46,33,0.5434782608695652,2.6507849785852877,121.93610901492323,0.024387221802984648,5121.93610901493,5324.610445118778,297.5153539643534,5.587551559515385,True,38.31831439032143,False,4
109,short_cand_109_SOL_USDT,SOL/USDT,short,35,20,0.236,0.336,0.02,0.038,25,False,disabled,20,0.0,"1D, 4H->1D",72,50,0.5,1.5137093180758734,108.98707090146289,0.021797414180292577,5108.987070901473,5298.883733840536,281.8890755487673,5.319782235426765,True,39.0674571958522,False,4
28,short_cand_028_AVAX_USDT,AVAX/USDT,short,30,20,0.236,0.286,0.002,0.053,14,False,disabled,20,0.0,"1D, 4H->1D",74,52,0.5,1.4486964309423904,107.2035358897369,0.02144070717794738,5107.203535889747,5281.228126269446,261.26756822921107,4.947098704743233,True,39.95226277591161,False,4
11,short_cand_011_ADA_USDT,ADA/USDT,short,40,20,0.236,0.386,0.053,0.033,25,False,disabled,20,0.0,"1D, 4H->1D",69,49,0.5072463768115942,1.6922623968520762,116.76610538279326,0.023353221076558652,5116.766105382802,5321.62665036895,300.71840418725697,5.650873763690432,True,40.014918245743445,False,4
119,short_cand_119_SOL_USDT,SOL/USDT,short,40,20,0.236,0.336,0.026,0.038,25,False,disabled,20,0.0,"1D, 4H->1D",66,46,0.48484848484848486,1.5826877476874046,104.4573913473687,0.02089147826947374,5104.457391347378,5305.536546641363,295.17156693998277,5.563463079466285,True,40.76157438380703,False,4
1,short_cand_001_ADA_USDT,ADA/USDT,short,50,20,0.236,0.336,0.053,0.038,25,False,disabled,20,0.0,"1D, 4H->1D",58,41,0.5,1.800989505989115,104.45739134736867,0.020891478269473733,5104.457391347377,5305.536546641362,295.17156693998277,5.5634630794662865,True,40.761574383807044,False,4
14,short_cand_014_ADA_USDT,ADA/USDT,short,40,20,0.236,0.386,0.05,0.033,25,False,disabled,20,0.0,"1D, 4H->1D",70,50,0.5,1.5252300768970466,106.76610538279326,0.02135322107655865,5106.766105382802,5311.62665036895,300.71840418725697,5.661512451489202,True,43.76282289228611,False,4
60,short_cand_060_BTC_USDT,BTC/USDT,short,60,20,0.236,0.586,0.029,0.013,14,False,disabled,20,0.0,"1D, 4H->1D",51,35,0.5098039215686274,2.14870576394311,109.58399396109863,0.021916798792219725,5109.583993961106,5257.8814482233765,220.89017212994713,4.20112500262982,True,43.97146627939393,False,4
106,short_cand_106_SOL_USDT,SOL/USDT,short,40,20,0.236,0.336,0.02,0.033,25,False,disabled,20,0.0,"1D, 4H->1D",59,41,0.4745762711864407,1.6993566225298542,100.2620407292614,0.02005240814585228,5100.262040729269,5303.82753545902,298.8247265515438,5.634133548908506,True,44.932053042536694,False,4
8,short_cand_008_ADA_USDT,ADA/USDT,short,50,20,0.236,0.336,0.05,0.033,25,False,disabled,20,0.0,"1D, 4H->1D",50,36,0.5,1.9052408145852275,95.26204072926137,0.019052408145852275,5095.262040729268,5298.827535459019,298.8247265515438,5.639449945329418,True,47.29039287541072,False,4
56,short_cand_056_BTC_USDT,BTC/USDT,short,80,20,0.236,0.586,0.029,0.013,14,False,disabled,20,0.0,"1D, 4H->1D",35,24,0.5142857142857142,2.879739453159254,100.79088086057389,0.020158176172114777,5100.790880860579,5245.535694154799,215.61519396794756,4.1104513731211805,True,47.80758788969591,False,4
95,short_cand_095_LINK_USDT,LINK/USDT,short,80,20,0.236,0.686,0.026,0.018,12,False,disabled,20,0.0,"1D, 4H->1D",42,29,0.5,2.208373453808023,92.75168505993697,0.018550337011987394,5092.751685059942,5240.138980441789,213.54239402877738,4.075128442695883,True,50.37521590844412,False,4
108,short_cand_108_SOL_USDT,SOL/USDT,short,35,20,0.236,0.336,0.02,0.033,25,False,disabled,20,0.0,"1D, 4H->1D",64,45,0.484375,1.3769539627607648,88.12505361668894,0.01762501072333779,5088.125053616697,5280.508055991525,285.54223516032835,5.407476555903329,True,51.12030174523494,False,4
22,short_cand_022_AVAX_USDT,AVAX/USDT,short,30,20,0.236,0.336,0.047,0.053,10,False,disabled,20,0.0,"1D, 4H->1D",68,47,0.45588235294117646,0.7331539347860493,49.85446756545135,0.00997089351309027,5049.85446756546,5158.661628859176,165.44409598739003,3.2071127724649298,True,52.99228445585875,False,4
125,short_cand_125_TON_USDT,TON/USDT,short,70,20,0.236,0.736,0.002,0.043,10,False,disabled,20,0.0,"1D, 4H->1D",81,55,0.4567901234567901,0.991024288794844,80.27296739238237,0.016054593478476473,5080.272967392393,5226.065081964376,211.19860700440677,4.041254819678238,True,53.04211200429929,False,4
124,short_cand_124_TON_USDT,TON/USDT,short,70,20,0.236,0.686,0.002,0.043,10,False,disabled,20,0.0,"1D, 4H->1D",81,55,0.4567901234567901,0.9910242887948439,80.27296739238236,0.016054593478476473,5080.272967392393,5226.065081964376,211.19860700440677,4.041254819678238,True,53.042112004299305,False,4
117,short_cand_117_SOL_USDT,SOL/USDT,short,40,20,0.236,0.336,0.026,0.033,25,False,disabled,20,0.0,"1D, 4H->1D",58,41,0.46551724137931033,1.4412995528033576,83.59537406259474,0.01671907481251895,5083.595374062602,5287.160868792353,298.8247265515438,5.6518939742379875,True,53.89029456135812,False,4
18,short_cand_018_AVAX_USDT,AVAX/USDT,short,30,20,0.236,0.336,0.038,0.053,10,False,disabled,20,0.0,"1D, 4H->1D",72,50,0.4583333333333333,0.6692750124831207,48.187800898784694,0.009637560179756938,5048.187800898794,5156.99496219251,165.44409598739003,3.208149265227342,True,54.825123316436944,False,4
91,short_cand_091_LINK_USDT,LINK/USDT,short,85,20,0.236,0.686,0.026,0.018,12,False,disabled,20,0.0,"1D, 4H->1D",39,27,0.48717948717948717,2.164573121194965,84.41835172660363,0.016883670345320727,5084.418351726608,5231.805647108455,213.54239402877738,4.081619395529328,True,55.347990871680075,False,4
98,short_cand_098_LINK_USDT,LINK/USDT,short,85,20,0.236,0.736,0.026,0.018,12,False,disabled,20,0.0,"1D, 4H->1D",39,27,0.48717948717948717,2.1645731211949646,84.41835172660362,0.016883670345320723,5084.418351726608,5231.805647108455,213.54239402877738,4.081619395529328,True,55.34799087168009,False,4
120,short_cand_120_SOL_USDT,SOL/USDT,short,35,20,0.236,0.336,0.026,0.033,25,False,disabled,20,0.0,"1D, 4H->1D",63,45,0.47619047619047616,1.134260110317814,71.45838695002229,0.014291677390004457,5071.45838695003,5263.841389324858,285.54223516032835,5.424598008203892,True,63.04339524695557,False,4
137,short_cand_137_XRP_USDT,XRP/USDT,short,30,20,0.236,0.386,0.038,0.043,8,False,disabled,20,0.0,"1D, 4H->1D",80,57,0.4625,0.5362120184038017,42.89696147230414,0.008579392294460829,5042.896961472314,5175.884951352922,203.78631312450852,3.937226484743269,True,63.539191796063655,False,4
134,short_cand_134_TON_USDT,TON/USDT,short,70,20,0.236,0.736,0.002,0.038,10,False,disabled,20,0.0,"1D, 4H->1D",76,52,0.4473684210526316,0.8588548341102945,65.27296739238238,0.013054593478476477,5065.272967392392,5211.065081964375,211.19860700440677,4.052887532250756,True,65.23141045126007,False,4
131,short_cand_131_TON_USDT,TON/USDT,short,70,20,0.236,0.686,0.002,0.038,10,False,disabled,20,0.0,"1D, 4H->1D",76,52,0.4473684210526316,0.8588548341102943,65.27296739238237,0.013054593478476473,5065.272967392392,5211.065081964375,211.19860700440677,4.052887532250756,True,65.23141045126009,False,4
101,short_cand_101_LINK_USDT,LINK/USDT,short,85,20,0.236,0.636,0.026,0.023,12,False,disabled,20,0.0,"1D, 4H->1D",43,30,0.46511627906976744,1.6531399626341932,71.0850183932703,0.01421700367865406,5071.085018393275,5218.472313775122,213.54239402877738,4.092048039904183,True,65.72954845304895,False,4
48,short_cand_048_BTC_USDT,BTC/USDT,short,30,20,0.236,0.536,0.032,0.013,14,False,disabled,20,0.0,"1D, 4H->1D",72,52,0.4583333333333333,0.98422955999787,70.86452831984664,0.014172905663969329,5070.864528319856,5259.670108013689,287.84850446336895,5.472748262762715,True,67.9969091655161,False,4
30,short_cand_030_AVAX_USDT,AVAX/USDT,short,30,20,0.236,0.336,0.055,0.068,8,False,disabled,20,0.0,"1D, 4H->1D",68,48,0.4411764705882353,0.5844467915770492,39.74238182723934,0.007948476365447868,5039.742381827247,5173.716600057311,205.14870521261673,3.965209559610286,True,68.02750546112264,False,4
104,short_cand_104_LINK_USDT,LINK/USDT,short,75,20,0.236,0.686,0.026,0.018,12,False,disabled,20,0.0,"1D, 4H->1D",42,30,0.47619047619047616,1.5734528188873884,66.08501839327032,0.013217003678654063,5066.085018393275,5213.472313775122,213.54239402877738,4.09597253378621,True,70.70265355698444,False,4
94,short_cand_094_LINK_USDT,LINK/USDT,short,85,20,0.236,0.686,0.023,0.018,12,False,disabled,20,0.0,"1D, 4H->1D",42,30,0.4523809523809524,1.2956750411096103,54.41835172660363,0.010883670345320727,5054.418351726608,5201.805647108455,213.54239402877738,4.1051590258371125,True,85.86048662848668,False,4
93,short_cand_093_LINK_USDT,LINK/USDT,short,85,20,0.236,0.686,0.026,0.023,12,False,disabled,20,0.0,"1D, 4H->1D",45,32,0.4444444444444444,1.1352226309615625,51.08501839327032,0.010217003678654064,5051.085018393275,5198.472313775122,213.54239402877738,4.107791311361304,True,91.46294369117527,False,4
26,short_cand_026_AVAX_USDT,AVAX/USDT,short,30,20,0.236,0.286,0.026,0.063,8,False,disabled,20,0.0,"1D, 4H->1D",63,45,0.4603174603174603,0.40623474756480554,25.59278909658275,0.00511855781931655,5025.59278909659,5145.087596309663,176.2068696496408,3.424759371949779,True,105.63815794315042,False,4
103,short_cand_103_LINK_USDT,LINK/USDT,short,85,20,0.236,0.636,0.026,0.028,12,False,disabled,20,0.0,"1D, 4H->1D",45,32,0.4222222222222222,0.875963371702303,39.41835172660363,0.007883670345320726,5039.418351726608,5186.805647108455,213.54239402877738,4.11703095426032,True,118.53327082707317,False,4
25,short_cand_025_AVAX_USDT,AVAX/USDT,short,30,20,0.236,0.286,0.02,0.058,8,False,disabled,20,0.0,"1D, 4H->1D",66,47,0.45454545454545453,0.3279200918421483,21.64272606158179,0.004328545212316358,5021.64272606159,5131.513792904421,167.0028413267919,3.2544556648705565,True,122.06882437575399,False,4
65,short_cand_065_DOGE_USDT,DOGE/USDT,short,70,20,0.236,0.636,0.044,0.033,10,False,disabled,20,0.0,"1D, 4H->1D",60,42,0.4,-0.6355025394398319,-38.130152366389915,-0.0076260304732779826,4961.869847633617,5113.667564102762,153.4179678925766,3.0001552891226146,True,999.0,False,4
105,short_cand_105_LINK_USDT,LINK/USDT,short,90,20,0.236,0.686,0.026,0.023,12,False,disabled,20,0.0,"1D, 4H->1D",38,28,0.3684210526315789,-1.7439083214956066,-66.26851621683305,-0.01325370324336661,4933.731483783171,5081.319103754322,152.89714969929446,3.009005074810726,True,999.0,False,4
130,short_cand_130_TON_USDT,TON/USDT,short,90,20,0.236,0.736,0.017,0.058,12,False,disabled,20,0.0,"1D, 4H->1D",57,41,0.42105263157894735,-0.7437244478045368,-42.3922935248586,-0.008478458704971721,4957.607706475149,5107.528330798529,153.9238321590774,3.013665753568368,True,999.0,False,4
96,short_cand_096_LINK_USDT,LINK/USDT,short,85,20,0.236,0.686,0.026,0.028,12,False,disabled,20,0.0,"1D, 4H->1D",45,32,0.37777777777777777,-1.1041193473420943,-49.68537063039424,-0.009937074126078848,4950.314629369611,5102.98577042099,154.3016107237254,3.023751538131287,True,999.0,False,4
66,short_cand_066_DOGE_USDT,DOGE/USDT,short,75,20,0.236,0.636,0.044,0.033,10,False,disabled,20,0.0,"1D, 4H->1D",56,39,0.39285714285714285,-0.6511336732093438,-36.46348569972325,-0.00729269713994465,4963.536514300283,5117.000897436095,155.08463455924357,3.030772080515946,True,999.0,False,4
16,short_cand_016_AVAX_USDT,AVAX/USDT,short,30,20,0.236,0.286,0.002,0.053,12,False,disabled,20,0.0,"1D, 4H->1D",24,21,0.16666666666666666,-6.192961124201425,-148.6310669808342,-0.029726213396166837,4851.368933019166,5002.073153427587,152.14917718022753,3.041722352180512,True,999.0,False,4
129,short_cand_129_TON_USDT,TON/USDT,short,90,20,0.236,0.736,0.017,0.048,12,False,disabled,20,0.0,"1D, 4H->1D",61,43,0.4426229508196721,-0.3067239553306267,-18.71016127516823,-0.003742032255033646,4981.28983872484,5131.632381589022,156.6202184037129,3.05205452685243,True,999.0,False,4
135,short_cand_135_TON_USDT,TON/USDT,short,90,20,0.236,0.486,0.02,0.063,12,False,disabled,20,0.0,"1D, 4H->1D",60,43,0.4,-0.8792192973303706,-52.75315783982224,-0.010550631567964448,4947.246842160185,5101.95077675699,156.6088853838255,3.0695883248676217,True,999.0,False,4
133,short_cand_133_TON_USDT,TON/USDT,short,90,20,0.236,0.486,0.02,0.058,12,False,disabled,20,0.0,"1D, 4H->1D",60,43,0.4,-0.8792192973303707,-52.753157839822244,-0.01055063156796445,4947.246842160185,5101.95077675699,156.6088853838255,3.0695883248676217,True,999.0,False,4
127,short_cand_127_TON_USDT,TON/USDT,short,90,20,0.236,0.486,0.02,0.068,12,False,disabled,20,0.0,"1D, 4H->1D",60,43,0.4,-0.8792192973303709,-52.75315783982225,-0.01055063156796445,4947.246842160185,5101.95077675699,156.6088853838255,3.0695883248676217,True,999.0,False,4
128,short_cand_128_TON_USDT,TON/USDT,short,90,20,0.236,0.686,0.017,0.058,12,False,disabled,20,0.0,"1D, 4H->1D",57,41,0.40350877192982454,-0.8670144650261219,-49.41982450648895,-0.00988396490129779,4950.580175493518,5106.494321153869,157.81909644737152,3.0905565838700575,True,999.0,False,4
132,short_cand_132_TON_USDT,TON/USDT,short,90,20,0.236,0.686,0.017,0.068,12,False,disabled,20,0.0,"1D, 4H->1D",60,43,0.4,-0.8792192973303713,-52.75315783982228,-0.010550631567964456,4947.246842160185,5103.72584066169,158.3839492885254,3.1033004952317573,True,999.0,False,4
126,short_cand_126_TON_USDT,TON/USDT,short,90,20,0.236,0.686,0.017,0.048,12,False,disabled,20,0.0,"1D, 4H->1D",62,44,0.41935483870967744,-0.5551584597820799,-34.41982450648895,-0.00688396490129779,4965.580175493519,5123.276284036196,159.6010593296969,3.1152147665157877,True,999.0,False,4
123,short_cand_123_TON_USDT,TON/USDT,short,90,20,0.236,0.486,0.017,0.063,12,False,disabled,20,0.0,"1D, 4H->1D",62,44,0.4032258064516129,-0.8374243937295868,-51.92031241123438,-0.010384062482246876,4948.079687588774,5101.95077675699,159.20109387158573,3.1203965078781195,True,999.0,False,4
121,short_cand_121_TON_USDT,TON/USDT,short,90,20,0.236,0.486,0.017,0.068,12,False,disabled,20,0.0,"1D, 4H->1D",62,44,0.4032258064516129,-0.8374243937295869,-51.920312411234384,-0.010384062482246877,4948.079687588774,5101.95077675699,159.20109387158573,3.1203965078781195,True,999.0,False,4
122,short_cand_122_TON_USDT,TON/USDT,short,90,20,0.236,0.486,0.017,0.058,12,False,disabled,20,0.0,"1D, 4H->1D",62,44,0.4032258064516129,-0.837424393729587,-51.92031241123439,-0.010384062482246879,4948.079687588774,5101.95077675699,159.20109387158573,3.1203965078781195,True,999.0,False,4
