combined_rank,param_id,daily_param_id,source_symbol,side,sma,ema,fib_floor,fib_band,rw,eb,rw_lookback,confirm_enabled,confirm_mode,confirm_ema_period,confirm_min_distance,total_trades,win_rate,expectancy,total_profit,total_return
1,short_cand_068_DOGE_USDT__4h_ema15_dist0.000,short_cand_068_DOGE_USDT,DOGE/USDT,short,75,20,0.236,0.686,0.038,0.018,10,True,close_below_ema,15,0.0,44,0.38636363636363635,329.91840440874915,14516.409793984963,1.4516409793984963
2,short_cand_068_DOGE_USDT__4h_ema20_dist0.000,short_cand_068_DOGE_USDT,DOGE/USDT,short,75,20,0.236,0.686,0.038,0.018,10,True,close_below_ema,20,0.0,47,0.3617021276595745,303.97450783933095,14286.801868448554,1.4286801868448553
3,short_cand_068_DOGE_USDT__4h_ema15_dist0.004,short_cand_068_DOGE_USDT,DOGE/USDT,short,75,20,0.236,0.686,0.038,0.018,10,True,close_below_ema,15,0.004,34,0.35294117647058826,278.21299926335837,9459.241974954184,0.9459241974954185
4,short_cand_068_DOGE_USDT__4h_ema15_dist0.008,short_cand_068_DOGE_USDT,DOGE/USDT,short,75,20,0.236,0.686,0.038,0.018,10,True,close_below_ema,15,0.008,23,0.30434782608695654,241.57256840376493,5556.169073286594,0.5556169073286593
5,short_cand_062_DOGE_USDT__4h_ema20_dist0.000,short_cand_062_DOGE_USDT,DOGE/USDT,short,75,20,0.236,0.686,0.05,0.028,10,True,close_below_ema,20,0.0,71,0.3380281690140845,220.30416409295518,15641.595650599818,1.5641595650599818
6,short_cand_071_DOGE_USDT__4h_ema15_dist0.008,short_cand_071_DOGE_USDT,DOGE/USDT,short,70,20,0.236,0.386,0.017,0.033,8,True,close_below_ema,15,0.008,73,0.3424657534246575,217.78407726617914,15898.237640431078,1.5898237640431079
7,short_cand_079_ETH_USDT__4h_ema15_dist0.000,short_cand_079_ETH_USDT,ETH/USDT,short,75,20,0.236,0.436,0.011,0.023,8,True,close_below_ema,15,0.0,64,0.3125,212.91480157909464,13626.547301062057,1.3626547301062057
8,short_cand_067_DOGE_USDT__4h_ema20_dist0.000,short_cand_067_DOGE_USDT,DOGE/USDT,short,70,20,0.236,0.686,0.05,0.028,10,True,close_below_ema,20,0.0,74,0.33783783783783783,210.232252247272,15557.186666298127,1.5557186666298126
9,short_cand_071_DOGE_USDT__4h_ema20_dist0.004,short_cand_071_DOGE_USDT,DOGE/USDT,short,70,20,0.236,0.386,0.017,0.033,8,True,close_below_ema,20,0.004,92,0.31521739130434784,204.33662088134363,18798.969121083614,1.8798969121083613
10,short_cand_061_DOGE_USDT__4h_ema20_dist0.000,short_cand_061_DOGE_USDT,DOGE/USDT,short,80,20,0.236,0.686,0.05,0.028,10,True,close_below_ema,20,0.0,73,0.3287671232876712,203.78880407688715,14876.582697612761,1.4876582697612761
11,short_cand_071_DOGE_USDT__4h_ema25_dist0.000,short_cand_071_DOGE_USDT,DOGE/USDT,short,70,20,0.236,0.386,0.017,0.033,8,True,close_below_ema,25,0.0,101,0.3069306930693069,202.8336699887415,20486.20066886289,2.048620066886289
12,short_cand_071_DOGE_USDT__4h_ema20_dist0.008,short_cand_071_DOGE_USDT,DOGE/USDT,short,70,20,0.236,0.386,0.017,0.033,8,True,close_below_ema,20,0.008,83,0.3373493975903614,201.57875104983717,16731.036337136484,1.6731036337136485
13,short_cand_071_DOGE_USDT__4h_ema25_dist0.004,short_cand_071_DOGE_USDT,DOGE/USDT,short,70,20,0.236,0.386,0.017,0.033,8,True,close_below_ema,25,0.004,94,0.30851063829787234,199.28252206231102,18732.557073857235,1.8732557073857234
14,short_cand_071_DOGE_USDT__4h_ema30_dist0.004,short_cand_071_DOGE_USDT,DOGE/USDT,short,70,20,0.236,0.386,0.017,0.033,8,True,close_below_ema,30,0.004,95,0.30526315789473685,196.22751944926418,18641.614347680097,1.8641614347680098
15,short_cand_071_DOGE_USDT__4h_ema30_dist0.000,short_cand_071_DOGE_USDT,DOGE/USDT,short,70,20,0.236,0.386,0.017,0.033,8,True,close_below_ema,30,0.0,101,0.297029702970297,191.94537969964225,19386.483349663868,1.9386483349663868
16,short_cand_067_DOGE_USDT__4h_ema15_dist0.000,short_cand_067_DOGE_USDT,DOGE/USDT,short,70,20,0.236,0.686,0.05,0.028,10,True,close_below_ema,15,0.0,73,0.3287671232876712,191.13949048590646,13953.182805471171,1.3953182805471172
17,short_cand_062_DOGE_USDT__4h_ema15_dist0.000,short_cand_062_DOGE_USDT,DOGE/USDT,short,75,20,0.236,0.686,0.05,0.028,10,True,close_below_ema,15,0.0,72,0.3194444444444444,188.26182507163168,13554.85140515748,1.355485140515748
18,short_cand_079_ETH_USDT__4h_ema15_dist0.008,short_cand_079_ETH_USDT,ETH/USDT,short,75,20,0.236,0.436,0.011,0.023,8,True,close_below_ema,15,0.008,41,0.3170731707317073,185.03349551924654,7586.3733162891085,0.7586373316289109
19,short_cand_071_DOGE_USDT__4h_ema20_dist0.000,short_cand_071_DOGE_USDT,DOGE/USDT,short,70,20,0.236,0.386,0.017,0.033,8,True,close_below_ema,20,0.0,98,0.30612244897959184,184.1284429272374,18044.587406869265,1.8044587406869266
20,short_cand_079_ETH_USDT__4h_ema15_dist0.004,short_cand_079_ETH_USDT,ETH/USDT,short,75,20,0.236,0.436,0.011,0.023,8,True,close_below_ema,15,0.004,54,0.3148148148148148,182.75128924086803,9868.569619006874,0.9868569619006874
21,short_cand_071_DOGE_USDT__4h_ema15_dist0.000,short_cand_071_DOGE_USDT,DOGE/USDT,short,70,20,0.236,0.386,0.017,0.033,8,True,close_below_ema,15,0.0,91,0.3076923076923077,180.18423550767906,16396.765431198794,1.6396765431198794
22,short_cand_079_ETH_USDT__4h_ema20_dist0.004,short_cand_079_ETH_USDT,ETH/USDT,short,75,20,0.236,0.436,0.011,0.023,8,True,close_below_ema,20,0.004,71,0.29577464788732394,175.22483741017777,12440.963456122621,1.244096345612262
23,short_cand_071_DOGE_USDT__4h_ema15_dist0.004,short_cand_071_DOGE_USDT,DOGE/USDT,short,70,20,0.236,0.386,0.017,0.033,8,True,close_below_ema,15,0.004,84,0.32142857142857145,174.80668436674685,14683.761486806736,1.4683761486806737
24,short_cand_079_ETH_USDT__4h_ema20_dist0.000,short_cand_079_ETH_USDT,ETH/USDT,short,75,20,0.236,0.436,0.011,0.023,8,True,close_below_ema,20,0.0,76,0.3026315789473684,171.68476472483957,13048.042119087808,1.3048042119087808
25,short_cand_071_DOGE_USDT__4h_ema25_dist0.008,short_cand_071_DOGE_USDT,DOGE/USDT,short,70,20,0.236,0.386,0.017,0.033,8,True,close_below_ema,25,0.008,91,0.3076923076923077,171.34800369404678,15592.668336158256,1.5592668336158257
26,short_cand_061_DOGE_USDT__4h_ema15_dist0.000,short_cand_061_DOGE_USDT,DOGE/USDT,short,80,20,0.236,0.686,0.05,0.028,10,True,close_below_ema,15,0.0,75,0.32,171.04715451540088,12828.536588655066,1.2828536588655066
27,short_cand_068_DOGE_USDT__4h_ema25_dist0.000,short_cand_068_DOGE_USDT,DOGE/USDT,short,75,20,0.236,0.686,0.038,0.018,10,True,close_below_ema,25,0.0,48,0.3125,169.7787952580906,8149.382172388349,0.814938217238835
28,short_cand_071_DOGE_USDT__4h_ema30_dist0.008,short_cand_071_DOGE_USDT,DOGE/USDT,short,70,20,0.236,0.386,0.017,0.033,8,True,close_below_ema,30,0.008,92,0.30434782608695654,169.3768297408506,15582.668336158256,1.5582668336158256
29,short_cand_068_DOGE_USDT__4h_ema30_dist0.000,short_cand_068_DOGE_USDT,DOGE/USDT,short,75,20,0.236,0.686,0.038,0.018,10,True,close_below_ema,30,0.0,51,0.29411764705882354,167.5702325645371,8546.081860791392,0.8546081860791391
30,short_cand_068_DOGE_USDT__4h_ema20_dist0.004,short_cand_068_DOGE_USDT,DOGE/USDT,short,75,20,0.236,0.686,0.038,0.018,10,True,close_below_ema,20,0.004,42,0.3333333333333333,164.2085812327638,6896.760411776079,0.689676041177608
31,short_cand_079_ETH_USDT__4h_ema25_dist0.004,short_cand_079_ETH_USDT,ETH/USDT,short,75,20,0.236,0.436,0.011,0.023,8,True,close_below_ema,25,0.004,76,0.27631578947368424,158.9190176188304,12077.84533903111,1.207784533903111
32,short_cand_079_ETH_USDT__4h_ema25_dist0.000,short_cand_079_ETH_USDT,ETH/USDT,short,75,20,0.236,0.436,0.011,0.023,8,True,close_below_ema,25,0.0,80,0.2875,157.32282901886657,12585.826321509325,1.2585826321509326
33,short_cand_079_ETH_USDT__4h_ema30_dist0.004,short_cand_079_ETH_USDT,ETH/USDT,short,75,20,0.236,0.436,0.011,0.023,8,True,close_below_ema,30,0.004,76,0.27631578947368424,156.86776710385644,11921.95029989309,1.192195029989309
34,short_cand_067_DOGE_USDT__4h_ema15_dist0.004,short_cand_067_DOGE_USDT,DOGE/USDT,short,70,20,0.236,0.686,0.05,0.028,10,True,close_below_ema,15,0.004,66,0.3181818181818182,150.61791402018596,9940.782325332273,0.9940782325332274
35,short_cand_097_LINK_USDT__4h_ema25_dist0.008,short_cand_097_LINK_USDT,LINK/USDT,short,90,20,0.236,0.636,0.041,0.038,8,True,close_below_ema,25,0.008,98,0.336734693877551,149.9660121744807,14696.66919309911,1.469666919309911
36,short_cand_075_DOGE_USDT__4h_ema20_dist0.000,short_cand_075_DOGE_USDT,DOGE/USDT,short,80,20,0.236,0.636,0.041,0.028,10,True,close_below_ema,20,0.0,83,0.30120481927710846,149.27174318021795,12389.554683958091,1.238955468395809
37,short_cand_074_DOGE_USDT__4h_ema30_dist0.004,short_cand_074_DOGE_USDT,DOGE/USDT,short,80,20,0.236,0.636,0.055,0.048,10,True,close_below_ema,30,0.004,124,0.33064516129032256,148.37523947220987,18398.529694554025,1.8398529694554024
38,short_cand_074_DOGE_USDT__4h_ema30_dist0.008,short_cand_074_DOGE_USDT,DOGE/USDT,short,80,20,0.236,0.636,0.055,0.048,10,True,close_below_ema,30,0.008,121,0.32231404958677684,147.15785943199876,17806.10099127185,1.7806100991271852
39,short_cand_097_LINK_USDT__4h_ema20_dist0.008,short_cand_097_LINK_USDT,LINK/USDT,short,90,20,0.236,0.636,0.041,0.038,8,True,close_below_ema,20,0.008,89,0.33707865168539325,147.11683203688403,13093.39805128268,1.309339805128268
40,short_cand_068_DOGE_USDT__4h_ema25_dist0.008,short_cand_068_DOGE_USDT,DOGE/USDT,short,75,20,0.236,0.686,0.038,0.018,10,True,close_below_ema,25,0.008,36,0.3055555555555556,146.96346403136093,5290.684705128993,0.5290684705128993
41,short_cand_079_ETH_USDT__4h_ema30_dist0.000,short_cand_079_ETH_USDT,ETH/USDT,short,75,20,0.236,0.436,0.011,0.023,8,True,close_below_ema,30,0.0,80,0.275,146.91780672728663,11753.42453818293,1.175342453818293
42,short_cand_097_LINK_USDT__4h_ema20_dist0.004,short_cand_097_LINK_USDT,LINK/USDT,short,90,20,0.236,0.636,0.041,0.038,8,True,close_below_ema,20,0.004,98,0.336734693877551,146.01862853783135,14309.825596707473,1.4309825596707473
43,short_cand_074_DOGE_USDT__4h_ema25_dist0.000,short_cand_074_DOGE_USDT,DOGE/USDT,short,80,20,0.236,0.636,0.055,0.048,10,True,close_below_ema,25,0.0,124,0.33064516129032256,145.24494164480893,18010.372763956308,1.8010372763956308
44,short_cand_075_DOGE_USDT__4h_ema15_dist0.000,short_cand_075_DOGE_USDT,DOGE/USDT,short,80,20,0.236,0.636,0.041,0.028,10,True,close_below_ema,15,0.0,82,0.3048780487804878,145.17891190532166,11904.670776236375,1.1904670776236375
45,short_cand_068_DOGE_USDT__4h_ema30_dist0.004,short_cand_068_DOGE_USDT,DOGE/USDT,short,75,20,0.236,0.686,0.038,0.018,10,True,close_below_ema,30,0.004,47,0.2978723404255319,144.9090459780169,6810.725160966795,0.6810725160966795
46,short_cand_082_ETH_USDT__4h_ema20_dist0.000,short_cand_082_ETH_USDT,ETH/USDT,short,75,20,0.236,0.486,0.011,0.023,8,True,close_below_ema,20,0.0,99,0.29292929292929293,144.68282521239402,14323.599696027008,1.4323599696027007
47,short_cand_074_DOGE_USDT__4h_ema20_dist0.000,short_cand_074_DOGE_USDT,DOGE/USDT,short,80,20,0.236,0.636,0.055,0.048,10,True,close_below_ema,20,0.0,120,0.325,144.2213972837006,17306.567674044072,1.7306567674044073
48,short_cand_074_DOGE_USDT__4h_ema20_dist0.004,short_cand_074_DOGE_USDT,DOGE/USDT,short,80,20,0.236,0.636,0.055,0.048,10,True,close_below_ema,20,0.004,119,0.3277310924369748,143.26911416544667,17049.024585688152,1.7049024585688153
49,short_cand_068_DOGE_USDT__4h_ema25_dist0.004,short_cand_068_DOGE_USDT,DOGE/USDT,short,75,20,0.236,0.686,0.038,0.018,10,True,close_below_ema,25,0.004,46,0.30434782608695654,142.80515280485253,6569.037029023217,0.6569037029023217
50,short_cand_097_LINK_USDT__4h_ema25_dist0.004,short_cand_097_LINK_USDT,LINK/USDT,short,90,20,0.236,0.636,0.041,0.038,8,True,close_below_ema,25,0.004,101,0.33663366336633666,140.7137713230523,14212.090903628283,1.4212090903628283
51,short_cand_097_LINK_USDT__4h_ema30_dist0.004,short_cand_097_LINK_USDT,LINK/USDT,short,90,20,0.236,0.636,0.041,0.038,8,True,close_below_ema,30,0.004,103,0.34951456310679613,139.47964778538835,14366.403721895,1.4366403721895
52,short_cand_062_DOGE_USDT__4h_ema30_dist0.004,short_cand_062_DOGE_USDT,DOGE/USDT,short,75,20,0.236,0.686,0.05,0.028,10,True,close_below_ema,30,0.004,70,0.3142857142857143,139.34372148204892,9754.060503743425,0.9754060503743425
53,short_cand_074_DOGE_USDT__4h_ema25_dist0.008,short_cand_074_DOGE_USDT,DOGE/USDT,short,80,20,0.236,0.636,0.055,0.048,10,True,close_below_ema,25,0.008,118,0.3135593220338983,138.84487849310713,16383.695662186641,1.6383695662186641
54,short_cand_074_DOGE_USDT__4h_ema25_dist0.004,short_cand_074_DOGE_USDT,DOGE/USDT,short,80,20,0.236,0.636,0.055,0.048,10,True,close_below_ema,25,0.004,121,0.32231404958677684,138.18650578978506,16720.567200563994,1.6720567200563994
55,short_cand_079_ETH_USDT__4h_ema25_dist0.008,short_cand_079_ETH_USDT,ETH/USDT,short,75,20,0.236,0.436,0.011,0.023,8,True,close_below_ema,25,0.008,70,0.2857142857142857,136.6503665866928,9565.525661068496,0.9565525661068496
56,short_cand_097_LINK_USDT__4h_ema30_dist0.008,short_cand_097_LINK_USDT,LINK/USDT,short,90,20,0.236,0.636,0.041,0.038,8,True,close_below_ema,30,0.008,103,0.33980582524271846,136.08440546011605,14016.693762391953,1.4016693762391954
57,short_cand_067_DOGE_USDT__4h_ema15_dist0.008,short_cand_067_DOGE_USDT,DOGE/USDT,short,70,20,0.236,0.686,0.05,0.028,10,True,close_below_ema,15,0.008,56,0.32142857142857145,135.47709717807555,7586.7174419722305,0.758671744197223
58,short_cand_097_LINK_USDT__4h_ema20_dist0.000,short_cand_097_LINK_USDT,LINK/USDT,short,90,20,0.236,0.636,0.041,0.038,8,True,close_below_ema,20,0.0,102,0.3431372549019608,134.40764396515556,13709.579684445865,1.3709579684445865
59,short_cand_097_LINK_USDT__4h_ema15_dist0.004,short_cand_097_LINK_USDT,LINK/USDT,short,90,20,0.236,0.636,0.041,0.038,8,True,close_below_ema,15,0.004,97,0.3402061855670103,133.72620348454055,12971.441738000434,1.2971441738000433
60,short_cand_062_DOGE_USDT__4h_ema25_dist0.004,short_cand_062_DOGE_USDT,DOGE/USDT,short,75,20,0.236,0.686,0.05,0.028,10,True,close_below_ema,25,0.004,70,0.3142857142857143,133.72097878204596,9360.468514743217,0.9360468514743218
61,short_cand_097_LINK_USDT__4h_ema25_dist0.000,short_cand_097_LINK_USDT,LINK/USDT,short,90,20,0.236,0.636,0.041,0.038,8,True,close_below_ema,25,0.0,105,0.34285714285714286,133.446209941874,14011.85204389677,1.401185204389677
62,short_cand_062_DOGE_USDT__4h_ema20_dist0.004,short_cand_062_DOGE_USDT,DOGE/USDT,short,75,20,0.236,0.686,0.05,0.028,10,True,close_below_ema,20,0.004,70,0.3142857142857143,132.87360076222816,9301.15205335597,0.9301152053355971
63,short_cand_067_DOGE_USDT__4h_ema30_dist0.004,short_cand_067_DOGE_USDT,DOGE/USDT,short,70,20,0.236,0.686,0.05,0.028,10,True,close_below_ema,30,0.004,73,0.3150684931506849,132.46097971837992,9669.651519441733,0.9669651519441733
64,short_cand_097_LINK_USDT__4h_ema30_dist0.000,short_cand_097_LINK_USDT,LINK/USDT,short,90,20,0.236,0.636,0.041,0.038,8,True,close_below_ema,30,0.0,106,0.33962264150943394,132.0929438103469,14001.85204389677,1.400185204389677
65,short_cand_062_DOGE_USDT__4h_ema25_dist0.000,short_cand_062_DOGE_USDT,DOGE/USDT,short,75,20,0.236,0.686,0.05,0.028,10,True,close_below_ema,25,0.0,71,0.30985915492957744,130.51845342171453,9266.810192941732,0.9266810192941731
66,short_cand_070_DOGE_USDT__4h_ema20_dist0.000,short_cand_070_DOGE_USDT,DOGE/USDT,short,80,20,0.236,0.686,0.044,0.028,10,True,close_below_ema,20,0.0,88,0.29545454545454547,130.21870220856388,11459.245794353623,1.1459245794353623
67,short_cand_068_DOGE_USDT__4h_ema30_dist0.008,short_cand_068_DOGE_USDT,DOGE/USDT,short,75,20,0.236,0.686,0.038,0.018,10,True,close_below_ema,30,0.008,39,0.28205128205128205,129.56898310689428,5053.190341168877,0.5053190341168877
68,short_cand_082_ETH_USDT__4h_ema15_dist0.000,short_cand_082_ETH_USDT,ETH/USDT,short,75,20,0.236,0.486,0.011,0.023,8,True,close_below_ema,15,0.0,91,0.2967032967032967,128.53290573160757,11696.49442157629,1.169649442157629
69,short_cand_062_DOGE_USDT__4h_ema15_dist0.004,short_cand_062_DOGE_USDT,DOGE/USDT,short,75,20,0.236,0.686,0.05,0.028,10,True,close_below_ema,15,0.004,66,0.30303030303030304,128.11433261017513,8455.54595227156,0.8455545952271559
70,short_cand_062_DOGE_USDT__4h_ema30_dist0.000,short_cand_062_DOGE_USDT,DOGE/USDT,short,75,20,0.236,0.686,0.05,0.028,10,True,close_below_ema,30,0.0,73,0.3150684931506849,127.57467538157616,9312.95130285506,0.9312951302855059
71,short_cand_074_DOGE_USDT__4h_ema30_dist0.000,short_cand_074_DOGE_USDT,DOGE/USDT,short,80,20,0.236,0.636,0.055,0.048,10,True,close_below_ema,30,0.0,128,0.328125,127.3991650254586,16307.0931232587,1.63070931232587
72,short_cand_067_DOGE_USDT__4h_ema25_dist0.004,short_cand_067_DOGE_USDT,DOGE/USDT,short,70,20,0.236,0.686,0.05,0.028,10,True,close_below_ema,25,0.004,73,0.3150684931506849,127.06930863618526,9276.059530441524,0.9276059530441524
73,short_cand_079_ETH_USDT__4h_ema30_dist0.008,short_cand_079_ETH_USDT,ETH/USDT,short,75,20,0.236,0.436,0.011,0.023,8,True,close_below_ema,30,0.008,72,0.2777777777777778,127.02395680263311,9145.724889789584,0.9145724889789584
74,short_cand_067_DOGE_USDT__4h_ema20_dist0.004,short_cand_067_DOGE_USDT,DOGE/USDT,short,70,20,0.236,0.686,0.05,0.028,10,True,close_below_ema,20,0.004,73,0.3150684931506849,126.25675437060656,9216.743069054279,0.9216743069054278
75,short_cand_061_DOGE_USDT__4h_ema30_dist0.004,short_cand_061_DOGE_USDT,DOGE/USDT,short,80,20,0.236,0.686,0.05,0.028,10,True,close_below_ema,30,0.004,72,0.3055555555555556,125.42887402409275,9030.878929734678,0.9030878929734677
76,short_cand_074_DOGE_USDT__4h_ema15_dist0.000,short_cand_074_DOGE_USDT,DOGE/USDT,short,80,20,0.236,0.636,0.055,0.048,10,True,close_below_ema,15,0.0,122,0.319672131147541,125.37092902536206,15295.25334109417,1.529525334109417
77,short_cand_067_DOGE_USDT__4h_ema25_dist0.000,short_cand_067_DOGE_USDT,DOGE/USDT,short,70,20,0.236,0.686,0.05,0.028,10,True,close_below_ema,25,0.0,74,0.3108108108108108,124.08650281946,9182.40120864004,0.918240120864004
78,short_cand_074_DOGE_USDT__4h_ema15_dist0.008,short_cand_074_DOGE_USDT,DOGE/USDT,short,80,20,0.236,0.636,0.055,0.048,10,True,close_below_ema,15,0.008,110,0.3181818181818182,123.26579648218261,13559.237613040086,1.3559237613040087
79,short_cand_061_DOGE_USDT__4h_ema30_dist0.000,short_cand_061_DOGE_USDT,DOGE/USDT,short,80,20,0.236,0.686,0.05,0.028,10,True,close_below_ema,30,0.0,74,0.3108108108108108,122.24945187878072,9046.459439029773,0.9046459439029774
80,short_cand_067_DOGE_USDT__4h_ema30_dist0.000,short_cand_067_DOGE_USDT,DOGE/USDT,short,70,20,0.236,0.686,0.05,0.028,10,True,close_below_ema,30,0.0,76,0.3157894736842105,121.428188402018,9228.542318553367,0.9228542318553368
81,short_cand_062_DOGE_USDT__4h_ema30_dist0.008,short_cand_062_DOGE_USDT,DOGE/USDT,short,75,20,0.236,0.686,0.05,0.028,10,True,close_below_ema,30,0.008,66,0.30303030303030304,119.78975818001018,7906.124039880672,0.7906124039880672
82,short_cand_061_DOGE_USDT__4h_ema25_dist0.004,short_cand_061_DOGE_USDT,DOGE/USDT,short,80,20,0.236,0.686,0.05,0.028,10,True,close_below_ema,25,0.004,72,0.3055555555555556,119.38132724661331,8595.455561756158,0.8595455561756158
83,short_cand_061_DOGE_USDT__4h_ema20_dist0.004,short_cand_061_DOGE_USDT,DOGE/USDT,short,80,20,0.236,0.686,0.05,0.028,10,True,close_below_ema,20,0.004,72,0.3055555555555556,118.55748750512379,8536.139100368913,0.8536139100368914
84,short_cand_097_LINK_USDT__4h_ema15_dist0.000,short_cand_097_LINK_USDT,LINK/USDT,short,90,20,0.236,0.636,0.041,0.038,8,True,close_below_ema,15,0.0,103,0.3300970873786408,117.33153374844296,12085.147976089625,1.2085147976089625
85,short_cand_061_DOGE_USDT__4h_ema25_dist0.000,short_cand_061_DOGE_USDT,DOGE/USDT,short,80,20,0.236,0.686,0.05,0.028,10,True,close_below_ema,25,0.0,73,0.3013698630136986,116.46297588979006,8501.797239954674,0.8501797239954675
86,short_cand_079_ETH_USDT__4h_ema20_dist0.008,short_cand_079_ETH_USDT,ETH/USDT,short,75,20,0.236,0.436,0.011,0.023,8,True,close_below_ema,20,0.008,59,0.288135593220339,115.84263883456967,6834.71569123961,0.683471569123961
87,short_cand_074_DOGE_USDT__4h_ema15_dist0.004,short_cand_074_DOGE_USDT,DOGE/USDT,short,80,20,0.236,0.636,0.055,0.048,10,True,close_below_ema,15,0.004,116,0.3103448275862069,114.54977958374886,13287.774431714868,1.3287774431714867
88,short_cand_067_DOGE_USDT__4h_ema30_dist0.008,short_cand_067_DOGE_USDT,DOGE/USDT,short,70,20,0.236,0.686,0.05,0.028,10,True,close_below_ema,30,0.008,69,0.30434782608695654,113.35818921128957,7821.71505557898,0.782171505557898
89,short_cand_076_ETH_USDT__4h_ema20_dist0.000,short_cand_076_ETH_USDT,ETH/USDT,short,75,20,0.236,0.536,0.011,0.023,8,True,close_below_ema,20,0.0,108,0.3055555555555556,113.29164368447574,12235.49751792338,1.2235497517923382
90,short_cand_061_DOGE_USDT__4h_ema15_dist0.004,short_cand_061_DOGE_USDT,DOGE/USDT,short,80,20,0.236,0.686,0.05,0.028,10,True,close_below_ema,15,0.004,68,0.29411764705882354,113.09607351888972,7690.532999284501,0.7690532999284501
91,short_cand_082_ETH_USDT__4h_ema20_dist0.004,short_cand_082_ETH_USDT,ETH/USDT,short,75,20,0.236,0.486,0.011,0.023,8,True,close_below_ema,20,0.004,93,0.27956989247311825,112.45490901066773,10458.306537992099,1.04583065379921
92,short_cand_070_DOGE_USDT__4h_ema15_dist0.000,short_cand_070_DOGE_USDT,DOGE/USDT,short,80,20,0.236,0.686,0.044,0.028,10,True,close_below_ema,15,0.0,88,0.29545454545454547,111.11061496791739,9777.73411717673,0.977773411717673
93,short_cand_074_DOGE_USDT__4h_ema20_dist0.008,short_cand_074_DOGE_USDT,DOGE/USDT,short,80,20,0.236,0.636,0.055,0.048,10,True,close_below_ema,20,0.008,114,0.30701754385964913,110.5594771888835,12603.78039953272,1.260378039953272
94,short_cand_062_DOGE_USDT__4h_ema25_dist0.008,short_cand_062_DOGE_USDT,DOGE/USDT,short,75,20,0.236,0.686,0.05,0.028,10,True,close_below_ema,25,0.008,65,0.2923076923076923,107.85416737536296,7010.520879398592,0.7010520879398592
95,short_cand_082_ETH_USDT__4h_ema30_dist0.004,short_cand_082_ETH_USDT,ETH/USDT,short,75,20,0.236,0.486,0.011,0.023,8,True,close_below_ema,30,0.004,99,0.2727272727272727,107.3420789137843,10626.865812464646,1.0626865812464645
96,short_cand_082_ETH_USDT__4h_ema25_dist0.000,short_cand_082_ETH_USDT,ETH/USDT,short,75,20,0.236,0.486,0.011,0.023,8,True,close_below_ema,25,0.0,103,0.2815533980582524,107.1863908260911,11040.198255087384,1.1040198255087383
97,short_cand_082_ETH_USDT__4h_ema25_dist0.004,short_cand_082_ETH_USDT,ETH/USDT,short,75,20,0.236,0.486,0.011,0.023,8,True,close_below_ema,25,0.004,99,0.2727272727272727,103.98221982263529,10294.239762440893,1.0294239762440893
98,short_cand_088_ETH_USDT__4h_ema20_dist0.000,short_cand_088_ETH_USDT,ETH/USDT,short,75,20,0.236,0.586,0.011,0.023,8,True,close_below_ema,20,0.0,123,0.3170731707317073,103.88946030968388,12778.403618091117,1.2778403618091116
99,short_cand_082_ETH_USDT__4h_ema30_dist0.000,short_cand_082_ETH_USDT,ETH/USDT,short,75,20,0.236,0.486,0.011,0.023,8,True,close_below_ema,30,0.0,103,0.27184466019417475,103.84774330992971,10696.31756092276,1.0696317560922761
100,short_cand_082_ETH_USDT__4h_ema15_dist0.004,short_cand_082_ETH_USDT,ETH/USDT,short,75,20,0.236,0.486,0.011,0.023,8,True,close_below_ema,15,0.004,76,0.2894736842105263,103.76919427941182,7886.458765235298,0.7886458765235298
101,short_cand_061_DOGE_USDT__4h_ema25_dist0.008,short_cand_061_DOGE_USDT,DOGE/USDT,short,80,20,0.236,0.686,0.05,0.028,10,True,close_below_ema,25,0.008,66,0.2878787878787879,102.18225781171677,6744.029015573306,0.6744029015573306
102,short_cand_067_DOGE_USDT__4h_ema25_dist0.008,short_cand_067_DOGE_USDT,DOGE/USDT,short,70,20,0.236,0.686,0.05,0.028,10,True,close_below_ema,25,0.008,68,0.29411764705882354,101.85458669260147,6926.1118950969,0.69261118950969
103,short_cand_061_DOGE_USDT__4h_ema30_dist0.008,short_cand_061_DOGE_USDT,DOGE/USDT,short,80,20,0.236,0.686,0.05,0.028,10,True,close_below_ema,30,0.008,68,0.29411764705882354,101.09119593144554,6874.201323338297,0.6874201323338297
104,short_cand_063_DOGE_USDT__4h_ema20_dist0.000,short_cand_063_DOGE_USDT,DOGE/USDT,short,80,20,0.236,0.636,0.05,0.043,10,True,close_below_ema,20,0.0,124,0.33064516129032256,100.55668566331097,12469.029022250561,1.2469029022250562
105,short_cand_097_LINK_USDT__4h_ema15_dist0.008,short_cand_097_LINK_USDT,LINK/USDT,short,90,20,0.236,0.636,0.041,0.038,8,True,close_below_ema,15,0.008,88,0.3181818181818182,100.46039707659806,8840.514942740629,0.8840514942740628
106,short_cand_062_DOGE_USDT__4h_ema15_dist0.008,short_cand_062_DOGE_USDT,DOGE/USDT,short,75,20,0.236,0.686,0.05,0.028,10,True,close_below_ema,15,0.008,57,0.2982456140350877,99.2802028632999,5658.971563208094,0.5658971563208094
107,short_cand_082_ETH_USDT__4h_ema25_dist0.008,short_cand_082_ETH_USDT,ETH/USDT,short,75,20,0.236,0.486,0.011,0.023,8,True,close_below_ema,25,0.008,90,0.2777777777777778,97.77880719402563,8800.092647462307,0.8800092647462306
108,short_cand_082_ETH_USDT__4h_ema30_dist0.008,short_cand_082_ETH_USDT,ETH/USDT,short,75,20,0.236,0.486,0.011,0.023,8,True,close_below_ema,30,0.008,93,0.26881720430107525,90.46587553320448,8413.326424588016,0.8413326424588017
109,short_cand_088_ETH_USDT__4h_ema15_dist0.000,short_cand_088_ETH_USDT,ETH/USDT,short,75,20,0.236,0.586,0.011,0.023,8,True,close_below_ema,15,0.0,114,0.30701754385964913,88.70760290463163,10112.666731128005,1.0112666731128006
110,short_cand_075_DOGE_USDT__4h_ema30_dist0.000,short_cand_075_DOGE_USDT,DOGE/USDT,short,80,20,0.236,0.636,0.041,0.028,10,True,close_below_ema,30,0.0,90,0.28888888888888886,88.69099415619223,7982.189474057301,0.7982189474057301
111,short_cand_063_DOGE_USDT__4h_ema15_dist0.000,short_cand_063_DOGE_USDT,DOGE/USDT,short,80,20,0.236,0.636,0.05,0.043,10,True,close_below_ema,15,0.0,125,0.328,88.63999578601253,11079.999473251566,1.1079999473251565
112,short_cand_076_ETH_USDT__4h_ema15_dist0.000,short_cand_076_ETH_USDT,ETH/USDT,short,75,20,0.236,0.536,0.011,0.023,8,True,close_below_ema,15,0.0,100,0.29,88.36196977585078,8836.196977585078,0.8836196977585078
113,short_cand_075_DOGE_USDT__4h_ema15_dist0.004,short_cand_075_DOGE_USDT,DOGE/USDT,short,80,20,0.236,0.636,0.041,0.028,10,True,close_below_ema,15,0.004,74,0.2702702702702703,85.2054322821475,6305.201988878915,0.6305201988878915
114,short_cand_082_ETH_USDT__4h_ema20_dist0.008,short_cand_082_ETH_USDT,ETH/USDT,short,75,20,0.236,0.486,0.011,0.023,8,True,close_below_ema,20,0.008,77,0.2857142857142857,83.74550271924787,6448.403709382086,0.6448403709382086
115,short_cand_075_DOGE_USDT__4h_ema25_dist0.008,short_cand_075_DOGE_USDT,DOGE/USDT,short,80,20,0.236,0.636,0.041,0.028,10,True,close_below_ema,25,0.008,76,0.27631578947368424,83.11594389108622,6316.811735722553,0.6316811735722553
116,short_cand_061_DOGE_USDT__4h_ema15_dist0.008,short_cand_061_DOGE_USDT,DOGE/USDT,short,80,20,0.236,0.686,0.05,0.028,10,True,close_below_ema,15,0.008,59,0.288135593220339,82.94845102069553,4893.958610221036,0.4893958610221036
117,short_cand_076_ETH_USDT__4h_ema20_dist0.004,short_cand_076_ETH_USDT,ETH/USDT,short,75,20,0.236,0.536,0.011,0.023,8,True,close_below_ema,20,0.004,102,0.29411764705882354,82.06082705773012,8370.204359888472,0.8370204359888472
118,short_cand_075_DOGE_USDT__4h_ema30_dist0.008,short_cand_075_DOGE_USDT,DOGE/USDT,short,80,20,0.236,0.636,0.041,0.028,10,True,close_below_ema,30,0.008,80,0.2875,80.77158656606495,6461.726925285197,0.6461726925285196
119,short_cand_075_DOGE_USDT__4h_ema30_dist0.004,short_cand_075_DOGE_USDT,DOGE/USDT,short,80,20,0.236,0.636,0.041,0.028,10,True,close_below_ema,30,0.004,85,0.2823529411764706,80.1493454499734,6812.694363247739,0.6812694363247739
120,short_cand_070_DOGE_USDT__4h_ema30_dist0.000,short_cand_070_DOGE_USDT,DOGE/USDT,short,80,20,0.236,0.686,0.044,0.028,10,True,close_below_ema,30,0.0,92,0.29347826086956524,77.88629245928605,7165.538906254316,0.7165538906254316
121,short_cand_076_ETH_USDT__4h_ema25_dist0.000,short_cand_076_ETH_USDT,ETH/USDT,short,75,20,0.236,0.536,0.011,0.023,8,True,close_below_ema,25,0.0,115,0.2956521739130435,77.88555616331662,8956.83895878141,0.8956838958781411
122,short_cand_088_ETH_USDT__4h_ema20_dist0.004,short_cand_088_ETH_USDT,ETH/USDT,short,75,20,0.236,0.586,0.011,0.023,8,True,close_below_ema,20,0.004,115,0.30434782608695654,77.15514409978626,8872.84157147542,0.8872841571475419
123,short_cand_076_ETH_USDT__4h_ema30_dist0.004,short_cand_076_ETH_USDT,ETH/USDT,short,75,20,0.236,0.536,0.011,0.023,8,True,close_below_ema,30,0.004,111,0.2882882882882883,76.96852717260066,8543.506516158674,0.8543506516158673
124,short_cand_075_DOGE_USDT__4h_ema20_dist0.004,short_cand_075_DOGE_USDT,DOGE/USDT,short,80,20,0.236,0.636,0.041,0.028,10,True,close_below_ema,20,0.004,81,0.2839506172839506,76.64719385178323,6208.422701994442,0.6208422701994442
125,short_cand_075_DOGE_USDT__4h_ema25_dist0.004,short_cand_075_DOGE_USDT,DOGE/USDT,short,80,20,0.236,0.636,0.041,0.028,10,True,close_below_ema,25,0.004,84,0.2857142857142857,76.03894041987166,6387.270995269219,0.638727099526922
126,short_cand_082_ETH_USDT__4h_ema15_dist0.008,short_cand_082_ETH_USDT,ETH/USDT,short,75,20,0.236,0.486,0.011,0.023,8,True,close_below_ema,15,0.008,57,0.2982456140350877,75.93850521817448,4328.494797435946,0.43284947974359456
127,short_cand_088_ETH_USDT__4h_ema25_dist0.008,short_cand_088_ETH_USDT,ETH/USDT,short,75,20,0.236,0.586,0.011,0.023,8,True,close_below_ema,25,0.008,109,0.30275229357798167,75.725035597336,8254.028880109625,0.8254028880109625
128,short_cand_088_ETH_USDT__4h_ema15_dist0.004,short_cand_088_ETH_USDT,ETH/USDT,short,75,20,0.236,0.586,0.011,0.023,8,True,close_below_ema,15,0.004,96,0.3125,75.69972221459446,7267.173332601068,0.7267173332601068
129,short_cand_076_ETH_USDT__4h_ema30_dist0.000,short_cand_076_ETH_USDT,ETH/USDT,short,75,20,0.236,0.536,0.011,0.023,8,True,close_below_ema,30,0.0,115,0.28695652173913044,74.89528925753729,8612.958264616787,0.8612958264616787
130,short_cand_076_ETH_USDT__4h_ema25_dist0.004,short_cand_076_ETH_USDT,ETH/USDT,short,75,20,0.236,0.536,0.011,0.023,8,True,close_below_ema,25,0.004,111,0.2882882882882883,73.9718960913056,8210.88046613492,0.821088046613492
131,short_cand_076_ETH_USDT__4h_ema25_dist0.008,short_cand_076_ETH_USDT,ETH/USDT,short,75,20,0.236,0.536,0.011,0.023,8,True,close_below_ema,25,0.008,99,0.29292929292929293,73.81334963338293,7307.521613704909,0.7307521613704909
132,short_cand_088_ETH_USDT__4h_ema25_dist0.000,short_cand_088_ETH_USDT,ETH/USDT,short,75,20,0.236,0.586,0.011,0.023,8,True,close_below_ema,25,0.0,132,0.30303030303030304,71.34127447141378,9417.04823022662,0.9417048230226619
133,short_cand_088_ETH_USDT__4h_ema30_dist0.004,short_cand_088_ETH_USDT,ETH/USDT,short,75,20,0.236,0.586,0.011,0.023,8,True,close_below_ema,30,0.004,127,0.2992125984251969,70.84539355458092,8997.364981431778,0.8997364981431778
134,short_cand_070_DOGE_USDT__4h_ema25_dist0.008,short_cand_070_DOGE_USDT,DOGE/USDT,short,80,20,0.236,0.686,0.044,0.028,10,True,close_below_ema,25,0.008,77,0.2727272727272727,70.77171354655897,5449.421943085041,0.5449421943085041
135,short_cand_070_DOGE_USDT__4h_ema30_dist0.008,short_cand_070_DOGE_USDT,DOGE/USDT,short,80,20,0.236,0.686,0.044,0.028,10,True,close_below_ema,30,0.008,80,0.2875,70.05421415809607,5604.337132647685,0.5604337132647685
136,short_cand_088_ETH_USDT__4h_ema30_dist0.000,short_cand_088_ETH_USDT,ETH/USDT,short,75,20,0.236,0.586,0.011,0.023,8,True,close_below_ema,30,0.0,132,0.29545454545454547,69.56424787242425,9182.480719160001,0.9182480719160001
137,short_cand_070_DOGE_USDT__4h_ema30_dist0.004,short_cand_070_DOGE_USDT,DOGE/USDT,short,80,20,0.236,0.686,0.044,0.028,10,True,close_below_ema,30,0.004,87,0.28735632183908044,68.92004362580177,5996.043795444754,0.5996043795444754
138,short_cand_063_DOGE_USDT__4h_ema30_dist0.004,short_cand_063_DOGE_USDT,DOGE/USDT,short,80,20,0.236,0.636,0.05,0.043,10,True,close_below_ema,30,0.004,126,0.31746031746031744,68.47734466357251,8628.145427610136,0.8628145427610135
139,short_cand_075_DOGE_USDT__4h_ema25_dist0.000,short_cand_075_DOGE_USDT,DOGE/USDT,short,80,20,0.236,0.636,0.041,0.028,10,True,close_below_ema,25,0.0,86,0.27906976744186046,67.95195957689482,5843.868523612955,0.5843868523612955
140,short_cand_088_ETH_USDT__4h_ema25_dist0.004,short_cand_088_ETH_USDT,ETH/USDT,short,75,20,0.236,0.586,0.011,0.023,8,True,close_below_ema,25,0.004,125,0.296,67.81859101686013,8477.323877107516,0.8477323877107515
141,short_cand_076_ETH_USDT__4h_ema15_dist0.004,short_cand_076_ETH_USDT,ETH/USDT,short,75,20,0.236,0.536,0.011,0.023,8,True,close_below_ema,15,0.004,84,0.2857142857142857,67.69723601558483,5686.567825309126,0.5686567825309127
142,short_cand_068_DOGE_USDT__4h_ema20_dist0.008,short_cand_068_DOGE_USDT,DOGE/USDT,short,75,20,0.236,0.686,0.038,0.018,10,True,close_below_ema,20,0.008,32,0.3125,66.78077498199609,2136.984799423875,0.2136984799423875
143,short_cand_063_DOGE_USDT__4h_ema25_dist0.000,short_cand_063_DOGE_USDT,DOGE/USDT,short,80,20,0.236,0.636,0.05,0.043,10,True,close_below_ema,25,0.0,126,0.31746031746031744,65.39673410327318,8239.98849701242,0.823998849701242
144,short_cand_070_DOGE_USDT__4h_ema25_dist0.004,short_cand_070_DOGE_USDT,DOGE/USDT,short,80,20,0.236,0.686,0.044,0.028,10,True,close_below_ema,25,0.004,87,0.28735632183908044,63.915177327198116,5560.620427466236,0.5560620427466236
145,short_cand_063_DOGE_USDT__4h_ema30_dist0.000,short_cand_063_DOGE_USDT,DOGE/USDT,short,80,20,0.236,0.636,0.05,0.043,10,True,close_below_ema,30,0.0,129,0.3178294573643411,63.50752934204856,8192.471285124264,0.8192471285124264
146,short_cand_088_ETH_USDT__4h_ema20_dist0.008,short_cand_088_ETH_USDT,ETH/USDT,short,75,20,0.236,0.586,0.011,0.023,8,True,close_below_ema,20,0.008,97,0.29896907216494845,63.174284110467724,6127.905558715369,0.6127905558715369
147,short_cand_070_DOGE_USDT__4h_ema20_dist0.004,short_cand_070_DOGE_USDT,DOGE/USDT,short,80,20,0.236,0.686,0.044,0.028,10,True,close_below_ema,20,0.004,86,0.27906976744186046,61.37341642313924,5278.113812389975,0.5278113812389974
148,short_cand_086_ETH_USDT__4h_ema20_dist0.000,short_cand_086_ETH_USDT,ETH/USDT,short,65,20,0.236,0.536,0.008,0.023,8,True,close_below_ema,20,0.0,118,0.3220338983050847,58.547666717647516,6908.6246726824065,0.6908624672682406
149,short_cand_070_DOGE_USDT__4h_ema15_dist0.004,short_cand_070_DOGE_USDT,DOGE/USDT,short,80,20,0.236,0.686,0.044,0.028,10,True,close_below_ema,15,0.004,80,0.275,58.43821339979111,4675.057071983289,0.46750570719832885
150,short_cand_084_ETH_USDT__4h_ema20_dist0.000,short_cand_084_ETH_USDT,ETH/USDT,short,80,20,0.236,0.486,0.011,0.023,8,True,close_below_ema,20,0.0,99,0.29292929292929293,58.387631207415666,5780.375489534151,0.5780375489534151
151,short_cand_076_ETH_USDT__4h_ema30_dist0.008,short_cand_076_ETH_USDT,ETH/USDT,short,75,20,0.236,0.536,0.011,0.023,8,True,close_below_ema,30,0.008,106,0.2830188679245283,56.544302807447465,5993.696097589432,0.5993696097589432
152,short_cand_075_DOGE_USDT__4h_ema15_dist0.008,short_cand_075_DOGE_USDT,DOGE/USDT,short,80,20,0.236,0.636,0.041,0.028,10,True,close_below_ema,15,0.008,63,0.25396825396825395,55.10367591511517,3471.5315826522556,0.3471531582652256
153,short_cand_070_DOGE_USDT__4h_ema25_dist0.000,short_cand_070_DOGE_USDT,DOGE/USDT,short,80,20,0.236,0.686,0.044,0.028,10,True,close_below_ema,25,0.0,90,0.2777777777777778,54.70621815564985,4923.559634008487,0.4923559634008487
154,short_cand_076_ETH_USDT__4h_ema20_dist0.008,short_cand_076_ETH_USDT,ETH/USDT,short,75,20,0.236,0.536,0.011,0.023,8,True,close_below_ema,20,0.008,87,0.28735632183908044,54.20769044380763,4716.069068611264,0.4716069068611264
155,short_cand_086_ETH_USDT__4h_ema25_dist0.000,short_cand_086_ETH_USDT,ETH/USDT,short,65,20,0.236,0.536,0.008,0.023,8,True,close_below_ema,25,0.0,124,0.3064516129032258,53.745051494130635,6664.386385272199,0.6664386385272199
156,short_cand_081_ETH_USDT__4h_ema20_dist0.008,short_cand_081_ETH_USDT,ETH/USDT,short,80,20,0.236,0.586,0.047,0.038,8,True,close_below_ema,20,0.008,79,0.3037974683544304,52.613798858434876,4156.4901098163555,0.41564901098163554
157,short_cand_088_ETH_USDT__4h_ema30_dist0.008,short_cand_088_ETH_USDT,ETH/USDT,short,75,20,0.236,0.586,0.011,0.023,8,True,close_below_ema,30,0.008,120,0.2833333333333333,52.33777548340247,6280.533058008296,0.6280533058008296
158,short_cand_081_ETH_USDT__4h_ema20_dist0.004,short_cand_081_ETH_USDT,ETH/USDT,short,80,20,0.236,0.586,0.047,0.038,8,True,close_below_ema,20,0.004,85,0.3058823529411765,49.70434087855604,4224.868974677263,0.42248689746772633
159,short_cand_062_DOGE_USDT__4h_ema20_dist0.008,short_cand_062_DOGE_USDT,DOGE/USDT,short,75,20,0.236,0.686,0.05,0.028,10,True,close_below_ema,20,0.008,61,0.2786885245901639,49.192982800360475,3000.771950821989,0.3000771950821989
160,short_cand_063_DOGE_USDT__4h_ema20_dist0.004,short_cand_063_DOGE_USDT,DOGE/USDT,short,80,20,0.236,0.636,0.05,0.043,10,True,close_below_ema,20,0.004,122,0.319672131147541,49.07871233685633,5987.602905096472,0.5987602905096472
161,short_cand_081_ETH_USDT__4h_ema25_dist0.008,short_cand_081_ETH_USDT,ETH/USDT,short,80,20,0.236,0.586,0.047,0.038,8,True,close_below_ema,25,0.008,86,0.29069767441860467,47.57302957396556,4091.2805433610383,0.40912805433610383
162,short_cand_086_ETH_USDT__4h_ema30_dist0.004,short_cand_086_ETH_USDT,ETH/USDT,short,65,20,0.236,0.536,0.008,0.023,8,True,close_below_ema,30,0.004,121,0.2975206611570248,47.31449259931597,5725.053604517232,0.5725053604517232
163,short_cand_063_DOGE_USDT__4h_ema25_dist0.004,short_cand_063_DOGE_USDT,DOGE/USDT,short,80,20,0.236,0.636,0.05,0.043,10,True,close_below_ema,25,0.004,124,0.31451612903225806,47.26610854977765,5860.997460172428,0.5860997460172428
164,short_cand_081_ETH_USDT__4h_ema15_dist0.004,short_cand_081_ETH_USDT,ETH/USDT,short,80,20,0.236,0.586,0.047,0.038,8,True,close_below_ema,15,0.004,85,0.3176470588235294,46.87693848433863,3984.539771168784,0.39845397711687836
165,short_cand_081_ETH_USDT__4h_ema30_dist0.004,short_cand_081_ETH_USDT,ETH/USDT,short,80,20,0.236,0.586,0.047,0.038,8,True,close_below_ema,30,0.004,91,0.31868131868131866,46.83694559117594,4262.16204879701,0.426216204879701
166,short_cand_081_ETH_USDT__4h_ema25_dist0.000,short_cand_081_ETH_USDT,ETH/USDT,short,80,20,0.236,0.586,0.047,0.038,8,True,close_below_ema,25,0.0,92,0.31521739130434784,46.79475040772544,4305.11703751074,0.43051170375107406
167,short_cand_086_ETH_USDT__4h_ema30_dist0.000,short_cand_086_ETH_USDT,ETH/USDT,short,65,20,0.236,0.536,0.008,0.023,8,True,close_below_ema,30,0.0,125,0.296,46.575876815566424,5821.984601945803,0.5821984601945803
168,short_cand_063_DOGE_USDT__4h_ema25_dist0.008,short_cand_063_DOGE_USDT,DOGE/USDT,short,80,20,0.236,0.636,0.05,0.043,10,True,close_below_ema,25,0.008,120,0.30833333333333335,46.377664197617875,5565.319703714145,0.5565319703714146
169,short_cand_087_ETH_USDT__4h_ema20_dist0.000,short_cand_087_ETH_USDT,ETH/USDT,short,65,20,0.236,0.486,0.011,0.023,8,True,close_below_ema,20,0.0,100,0.3,46.352815743657175,4635.2815743657175,0.4635281574365717
170,short_cand_081_ETH_USDT__4h_ema30_dist0.000,short_cand_081_ETH_USDT,ETH/USDT,short,80,20,0.236,0.586,0.047,0.038,8,True,close_below_ema,30,0.0,93,0.3118279569892473,46.184054166782154,4295.11703751074,0.42951170375107406
171,short_cand_081_ETH_USDT__4h_ema25_dist0.004,short_cand_081_ETH_USDT,ETH/USDT,short,80,20,0.236,0.586,0.047,0.038,8,True,close_below_ema,25,0.004,89,0.30337078651685395,46.15560933180104,4107.8492305302925,0.41078492305302927
172,short_cand_067_DOGE_USDT__4h_ema20_dist0.008,short_cand_067_DOGE_USDT,DOGE/USDT,short,70,20,0.236,0.686,0.05,0.028,10,True,close_below_ema,20,0.008,64,0.28125,45.568171351879634,2916.3629665202966,0.29163629665202967
173,short_cand_081_ETH_USDT__4h_ema15_dist0.000,short_cand_081_ETH_USDT,ETH/USDT,short,80,20,0.236,0.586,0.047,0.038,8,True,close_below_ema,15,0.0,86,0.313953488372093,44.6402764392508,3839.0637737755687,0.3839063773775569
174,short_cand_081_ETH_USDT__4h_ema30_dist0.008,short_cand_081_ETH_USDT,ETH/USDT,short,80,20,0.236,0.586,0.047,0.038,8,True,close_below_ema,30,0.008,90,0.3,42.77474739126629,3849.727265213966,0.3849727265213966
175,short_cand_063_DOGE_USDT__4h_ema30_dist0.008,short_cand_063_DOGE_USDT,DOGE/USDT,short,80,20,0.236,0.636,0.05,0.043,10,True,close_below_ema,30,0.008,123,0.3089430894308943,42.4343999625744,5219.431195396652,0.5219431195396652
176,short_cand_087_ETH_USDT__4h_ema25_dist0.000,short_cand_087_ETH_USDT,ETH/USDT,short,65,20,0.236,0.486,0.011,0.023,8,True,close_below_ema,25,0.0,104,0.28846153846153844,42.413877759187585,4411.043286955509,0.4411043286955509
177,short_cand_084_ETH_USDT__4h_ema25_dist0.008,short_cand_084_ETH_USDT,ETH/USDT,short,80,20,0.236,0.486,0.011,0.023,8,True,close_below_ema,25,0.008,90,0.28888888888888886,42.38243870216068,3814.419483194461,0.3814419483194461
178,short_cand_086_ETH_USDT__4h_ema20_dist0.004,short_cand_086_ETH_USDT,ETH/USDT,short,65,20,0.236,0.536,0.008,0.023,8,True,close_below_ema,20,0.004,108,0.3055555555555556,40.946657837083954,4422.239046405067,0.4422239046405067
179,short_cand_081_ETH_USDT__4h_ema20_dist0.000,short_cand_081_ETH_USDT,ETH/USDT,short,80,20,0.236,0.586,0.047,0.038,8,True,close_below_ema,20,0.0,90,0.3111111111111111,40.05931123719861,3605.3380113478747,0.36053380113478745
180,short_cand_084_ETH_USDT__4h_ema30_dist0.008,short_cand_084_ETH_USDT,ETH/USDT,short,80,20,0.236,0.486,0.011,0.023,8,True,close_below_ema,30,0.008,92,0.2826086956521739,38.06433642934268,3501.9189514995264,0.35019189514995264
181,short_cand_087_ETH_USDT__4h_ema20_dist0.004,short_cand_087_ETH_USDT,ETH/USDT,short,65,20,0.236,0.486,0.011,0.023,8,True,close_below_ema,20,0.004,92,0.2826086956521739,37.964190571370885,3492.7055325661213,0.3492705532566121
182,short_cand_087_ETH_USDT__4h_ema25_dist0.004,short_cand_087_ETH_USDT,ETH/USDT,short,65,20,0.236,0.486,0.011,0.023,8,True,close_below_ema,25,0.004,100,0.28,35.645291505120944,3564.5291505120945,0.35645291505120946
183,short_cand_086_ETH_USDT__4h_ema25_dist0.004,short_cand_086_ETH_USDT,ETH/USDT,short,65,20,0.236,0.536,0.008,0.023,8,True,close_below_ema,25,0.004,120,0.2916666666666667,35.61845931583625,4274.2151179003495,0.42742151179003496
184,short_cand_061_DOGE_USDT__4h_ema20_dist0.008,short_cand_061_DOGE_USDT,DOGE/USDT,short,80,20,0.236,0.686,0.05,0.028,10,True,close_below_ema,20,0.008,63,0.2698412698412698,35.488238060871915,2235.7589978349306,0.22357589978349307
185,short_cand_087_ETH_USDT__4h_ema30_dist0.004,short_cand_087_ETH_USDT,ETH/USDT,short,65,20,0.236,0.486,0.011,0.023,8,True,close_below_ema,30,0.004,101,0.27722772277227725,34.667637914146944,3501.431429328841,0.3501431429328841
186,short_cand_084_ETH_USDT__4h_ema15_dist0.000,short_cand_084_ETH_USDT,ETH/USDT,short,80,20,0.236,0.486,0.011,0.023,8,True,close_below_ema,15,0.0,91,0.2967032967032967,34.6513210448729,3153.2702150834343,0.3153270215083434
187,short_cand_087_ETH_USDT__4h_ema30_dist0.000,short_cand_087_ETH_USDT,ETH/USDT,short,65,20,0.236,0.486,0.011,0.023,8,True,close_below_ema,30,0.0,105,0.2761904761904762,33.98706193932489,3568.6415036291137,0.35686415036291136
188,short_cand_086_ETH_USDT__4h_ema15_dist0.000,short_cand_086_ETH_USDT,ETH/USDT,short,65,20,0.236,0.536,0.008,0.023,8,True,close_below_ema,15,0.0,105,0.3047619047619048,33.639890651776334,3532.188518436515,0.3532188518436515
189,short_cand_078_ETH_USDT__4h_ema20_dist0.000,short_cand_078_ETH_USDT,ETH/USDT,short,80,20,0.236,0.536,0.011,0.023,8,True,close_below_ema,20,0.0,108,0.3055555555555556,33.28183029901391,3594.437672293502,0.35944376722935023
190,short_cand_070_DOGE_USDT__4h_ema15_dist0.008,short_cand_070_DOGE_USDT,DOGE/USDT,short,80,20,0.236,0.686,0.044,0.028,10,True,close_below_ema,15,0.008,69,0.2608695652173913,26.68676327183522,1841.38666575663,0.184138666575663
191,short_cand_076_ETH_USDT__4h_ema15_dist0.008,short_cand_076_ETH_USDT,ETH/USDT,short,75,20,0.236,0.536,0.011,0.023,8,True,close_below_ema,15,0.008,66,0.2727272727272727,26.133560663484023,1724.8150037899454,0.17248150037899454
192,short_cand_075_DOGE_USDT__4h_ema20_dist0.008,short_cand_075_DOGE_USDT,DOGE/USDT,short,80,20,0.236,0.636,0.041,0.028,10,True,close_below_ema,20,0.008,72,0.2638888888888889,25.813759443644862,1858.5906799424301,0.185859067994243
193,short_cand_084_ETH_USDT__4h_ema15_dist0.004,short_cand_084_ETH_USDT,ETH/USDT,short,80,20,0.236,0.486,0.011,0.023,8,True,close_below_ema,15,0.004,76,0.2894736842105263,25.265533901718722,1920.1805765306228,0.1920180576530623
194,short_cand_086_ETH_USDT__4h_ema25_dist0.008,short_cand_086_ETH_USDT,ETH/USDT,short,65,20,0.236,0.536,0.008,0.023,8,True,close_below_ema,25,0.008,108,0.2962962962962963,24.59715857302114,2656.493125886283,0.2656493125886283
195,short_cand_063_DOGE_USDT__4h_ema15_dist0.004,short_cand_063_DOGE_USDT,DOGE/USDT,short,80,20,0.236,0.636,0.05,0.043,10,True,close_below_ema,15,0.004,117,0.3076923076923077,24.442357353685278,2859.7558103811775,0.28597558103811777
196,short_cand_084_ETH_USDT__4h_ema25_dist0.000,short_cand_084_ETH_USDT,ETH/USDT,short,80,20,0.236,0.486,0.011,0.023,8,True,close_below_ema,25,0.0,103,0.2815533980582524,24.020574797247342,2474.1192041164763,0.24741192041164764
197,short_cand_084_ETH_USDT__4h_ema30_dist0.004,short_cand_084_ETH_USDT,ETH/USDT,short,80,20,0.236,0.486,0.011,0.023,8,True,close_below_ema,30,0.004,98,0.2755102040816326,23.558819098591975,2308.7642716620135,0.23087642716620135
198,short_cand_078_ETH_USDT__4h_ema25_dist0.008,short_cand_078_ETH_USDT,ETH/USDT,short,80,20,0.236,0.536,0.011,0.023,8,True,close_below_ema,25,0.008,99,0.30303030303030304,22.464775861616587,2224.012810300042,0.2224012810300042
199,short_cand_084_ETH_USDT__4h_ema30_dist0.000,short_cand_084_ETH_USDT,ETH/USDT,short,80,20,0.236,0.486,0.011,0.023,8,True,close_below_ema,30,0.0,103,0.27184466019417475,20.68192728108595,2130.238509951853,0.21302385099518528
200,short_cand_084_ETH_USDT__4h_ema20_dist0.004,short_cand_084_ETH_USDT,ETH/USDT,short,80,20,0.236,0.486,0.011,0.023,8,True,close_below_ema,20,0.004,93,0.27956989247311825,20.59228313440046,1915.0823314992429,0.1915082331499243
201,short_cand_084_ETH_USDT__4h_ema25_dist0.004,short_cand_084_ETH_USDT,ETH/USDT,short,80,20,0.236,0.486,0.011,0.023,8,True,close_below_ema,25,0.004,98,0.2755102040816326,20.16467573100266,1976.1382216382606,0.19761382216382606
202,short_cand_081_ETH_USDT__4h_ema15_dist0.008,short_cand_081_ETH_USDT,ETH/USDT,short,80,20,0.236,0.586,0.047,0.038,8,True,close_below_ema,15,0.008,81,0.2962962962962963,19.164401614667916,1552.316530788101,0.15523165307881012
203,short_cand_087_ETH_USDT__4h_ema15_dist0.000,short_cand_087_ETH_USDT,ETH/USDT,short,65,20,0.236,0.486,0.011,0.023,8,True,close_below_ema,15,0.0,89,0.29213483146067415,18.582832456799387,1653.8720886551455,0.16538720886551456
204,short_cand_086_ETH_USDT__4h_ema30_dist0.008,short_cand_086_ETH_USDT,ETH/USDT,short,65,20,0.236,0.536,0.008,0.023,8,True,close_below_ema,30,0.008,115,0.28695652173913044,14.533104157807433,1671.3069781478548,0.16713069781478548
205,short_cand_087_ETH_USDT__4h_ema25_dist0.008,short_cand_087_ETH_USDT,ETH/USDT,short,65,20,0.236,0.486,0.011,0.023,8,True,close_below_ema,25,0.008,91,0.27472527472527475,14.519516639030748,1321.276014151798,0.13212760141517982
206,short_cand_063_DOGE_USDT__4h_ema15_dist0.008,short_cand_063_DOGE_USDT,DOGE/USDT,short,80,20,0.236,0.636,0.05,0.043,10,True,close_below_ema,15,0.008,111,0.3063063063063063,13.85126876755143,1537.4908331982087,0.15374908331982087
207,short_cand_087_ETH_USDT__4h_ema30_dist0.008,short_cand_087_ETH_USDT,ETH/USDT,short,65,20,0.236,0.486,0.011,0.023,8,True,close_below_ema,30,0.008,95,0.2736842105263158,13.556758331075901,1287.8920414522106,0.12878920414522105
208,short_cand_088_ETH_USDT__4h_ema15_dist0.008,short_cand_088_ETH_USDT,ETH/USDT,short,75,20,0.236,0.586,0.011,0.023,8,True,close_below_ema,15,0.008,75,0.29333333333333333,11.911156375663664,893.3367281747747,0.08933367281747748
209,short_cand_063_DOGE_USDT__4h_ema20_dist0.008,short_cand_063_DOGE_USDT,DOGE/USDT,short,80,20,0.236,0.636,0.05,0.043,10,True,close_below_ema,20,0.008,116,0.3017241379310345,11.603251075007488,1345.9771247008687,0.13459771247008687
210,short_cand_078_ETH_USDT__4h_ema30_dist0.008,short_cand_078_ETH_USDT,ETH/USDT,short,80,20,0.236,0.536,0.011,0.023,8,True,close_below_ema,30,0.008,105,0.29523809523809524,9.37574271775162,984.4529853639201,0.09844529853639201
211,short_cand_084_ETH_USDT__4h_ema20_dist0.008,short_cand_084_ETH_USDT,ETH/USDT,short,80,20,0.236,0.486,0.011,0.023,8,True,close_below_ema,20,0.008,76,0.2894736842105263,9.305897189047801,707.2481863676329,0.07072481863676329
212,short_cand_086_ETH_USDT__4h_ema20_dist0.008,short_cand_086_ETH_USDT,ETH/USDT,short,65,20,0.236,0.536,0.008,0.023,8,True,close_below_ema,20,0.008,93,0.3010752688172043,9.16469166752496,852.3163250798211,0.08523163250798212
213,short_cand_078_ETH_USDT__4h_ema25_dist0.000,short_cand_078_ETH_USDT,ETH/USDT,short,80,20,0.236,0.536,0.011,0.023,8,True,close_below_ema,25,0.0,115,0.2956521739130435,2.547167553682443,292.9242686734809,0.029292426867348093
214,short_cand_078_ETH_USDT__4h_ema15_dist0.000,short_cand_078_ETH_USDT,ETH/USDT,short,80,20,0.236,0.536,0.011,0.023,8,True,close_below_ema,15,0.0,100,0.29,1.9513713195519893,195.13713195519892,0.019513713195519894
215,short_cand_078_ETH_USDT__4h_ema30_dist0.004,short_cand_078_ETH_USDT,ETH/USDT,short,80,20,0.236,0.536,0.011,0.023,8,True,close_below_ema,30,0.004,110,0.2909090909090909,1.1597212383547093,127.56933621901803,0.012756933621901802
216,short_cand_078_ETH_USDT__4h_ema30_dist0.000,short_cand_078_ETH_USDT,ETH/USDT,short,80,20,0.236,0.536,0.011,0.023,8,True,close_below_ema,30,0.0,115,0.28695652173913044,-0.4430993520968931,-50.95642549114271,-0.005095642549114271
217,short_cand_078_ETH_USDT__4h_ema25_dist0.004,short_cand_078_ETH_USDT,ETH/USDT,short,80,20,0.236,0.536,0.011,0.023,8,True,close_below_ema,25,0.004,110,0.2909090909090909,-1.8641519436794074,-205.0567138047348,-0.020505671380473482
218,short_cand_078_ETH_USDT__4h_ema20_dist0.004,short_cand_078_ETH_USDT,ETH/USDT,short,80,20,0.236,0.536,0.011,0.023,8,True,close_below_ema,20,0.004,102,0.29411764705882354,-2.655445938641236,-270.8554857414061,-0.027085548574140608
219,short_cand_078_ETH_USDT__4h_ema15_dist0.004,short_cand_078_ETH_USDT,ETH/USDT,short,80,20,0.236,0.536,0.011,0.023,8,True,close_below_ema,15,0.004,84,0.2857142857142857,-4.494595268244891,-377.5460025325708,-0.03775460025325708
220,short_cand_070_DOGE_USDT__4h_ema20_dist0.008,short_cand_070_DOGE_USDT,DOGE/USDT,short,80,20,0.236,0.686,0.044,0.028,10,True,close_below_ema,20,0.008,74,0.25675675675675674,-6.422161038714196,-475.23991686485056,-0.04752399168648506
221,short_cand_086_ETH_USDT__4h_ema15_dist0.004,short_cand_086_ETH_USDT,ETH/USDT,short,65,20,0.236,0.536,0.008,0.023,8,True,close_below_ema,15,0.004,87,0.2988505747126437,-9.770665591138917,-850.0479064290857,-0.08500479064290857
222,short_cand_077_ETH_USDT__4h_ema20_dist0.000,short_cand_077_ETH_USDT,ETH/USDT,short,90,20,0.236,0.536,0.011,0.023,8,True,close_below_ema,20,0.0,104,0.28846153846153844,-10.055707834609954,-1045.7936147994353,-0.10457936147994353
223,short_cand_087_ETH_USDT__4h_ema20_dist0.008,short_cand_087_ETH_USDT,ETH/USDT,short,65,20,0.236,0.486,0.011,0.023,8,True,close_below_ema,20,0.008,78,0.28205128205128205,-10.087940240988475,-786.859338797101,-0.07868593387971011
224,short_cand_078_ETH_USDT__4h_ema20_dist0.008,short_cand_078_ETH_USDT,ETH/USDT,short,80,20,0.236,0.536,0.011,0.023,8,True,close_below_ema,20,0.008,86,0.29069767441860467,-13.05723364581641,-1122.9220935402113,-0.11229220935402114
225,short_cand_086_ETH_USDT__4h_ema15_dist0.008,short_cand_086_ETH_USDT,ETH/USDT,short,65,20,0.236,0.536,0.008,0.023,8,True,close_below_ema,15,0.008,67,0.31343283582089554,-16.65291429362164,-1115.74525767265,-0.11157452576726501
226,short_cand_087_ETH_USDT__4h_ema15_dist0.004,short_cand_087_ETH_USDT,ETH/USDT,short,65,20,0.236,0.486,0.011,0.023,8,True,close_below_ema,15,0.004,74,0.28378378378378377,-29.043612902773592,-2149.227354805246,-0.21492273548052457
227,short_cand_077_ETH_USDT__4h_ema25_dist0.008,short_cand_077_ETH_USDT,ETH/USDT,short,90,20,0.236,0.536,0.011,0.023,8,True,close_below_ema,25,0.008,97,0.27835051546391754,-30.151954288192453,-2924.739565954668,-0.29247395659546677
228,short_cand_077_ETH_USDT__4h_ema25_dist0.000,short_cand_077_ETH_USDT,ETH/USDT,short,90,20,0.236,0.536,0.011,0.023,8,True,close_below_ema,25,0.0,111,0.27927927927927926,-37.02098656082146,-4109.329508251182,-0.4109329508251182
229,short_cand_077_ETH_USDT__4h_ema30_dist0.008,short_cand_077_ETH_USDT,ETH/USDT,short,90,20,0.236,0.536,0.011,0.023,8,True,close_below_ema,30,0.008,103,0.27184466019417475,-40.43009117369699,-4164.299390890789,-0.41642993908907894
230,short_cand_077_ETH_USDT__4h_ema30_dist0.000,short_cand_077_ETH_USDT,ETH/USDT,short,90,20,0.236,0.536,0.011,0.023,8,True,close_below_ema,30,0.0,112,0.26785714285714285,-44.21188653194266,-4951.731291577578,-0.49517312915775785
231,short_cand_077_ETH_USDT__4h_ema25_dist0.004,short_cand_077_ETH_USDT,ETH/USDT,short,90,20,0.236,0.536,0.011,0.023,8,True,close_below_ema,25,0.004,107,0.27102803738317754,-45.37652337287544,-4855.288000897672,-0.4855288000897672
232,short_cand_077_ETH_USDT__4h_ema15_dist0.000,short_cand_077_ETH_USDT,ETH/USDT,short,90,20,0.236,0.536,0.011,0.023,8,True,close_below_ema,15,0.0,96,0.2708333333333333,-46.303064116018106,-4445.094155137738,-0.4445094155137738
233,short_cand_077_ETH_USDT__4h_ema30_dist0.004,short_cand_077_ETH_USDT,ETH/USDT,short,90,20,0.236,0.536,0.011,0.023,8,True,close_below_ema,30,0.004,108,0.26851851851851855,-46.49243555588603,-5021.183040035691,-0.5021183040035692
234,short_cand_084_ETH_USDT__4h_ema15_dist0.008,short_cand_084_ETH_USDT,ETH/USDT,short,80,20,0.236,0.486,0.011,0.023,8,True,close_below_ema,15,0.008,58,0.27586206896551724,-47.74699782862568,-2769.3258740602896,-0.27693258740602894
235,short_cand_087_ETH_USDT__4h_ema15_dist0.008,short_cand_087_ETH_USDT,ETH/USDT,short,65,20,0.236,0.486,0.011,0.023,8,True,close_below_ema,15,0.008,56,0.30357142857142855,-48.07420707012126,-2692.1555959267907,-0.26921555959267907
236,short_cand_077_ETH_USDT__4h_ema20_dist0.004,short_cand_077_ETH_USDT,ETH/USDT,short,90,20,0.236,0.536,0.011,0.023,8,True,close_below_ema,20,0.004,98,0.2755102040816326,-50.113130335044325,-4911.086772834344,-0.4911086772834344
237,short_cand_077_ETH_USDT__4h_ema15_dist0.004,short_cand_077_ETH_USDT,ETH/USDT,short,90,20,0.236,0.536,0.011,0.023,8,True,close_below_ema,15,0.004,80,0.2625,-62.722216120318855,-5017.777289625508,-0.5017777289625508
238,short_cand_077_ETH_USDT__4h_ema20_dist0.008,short_cand_077_ETH_USDT,ETH/USDT,short,90,20,0.236,0.536,0.011,0.023,8,True,close_below_ema,20,0.008,82,0.2682926829268293,-70.28235830040425,-5763.153380633149,-0.5763153380633149
239,short_cand_078_ETH_USDT__4h_ema15_dist0.008,short_cand_078_ETH_USDT,ETH/USDT,short,80,20,0.236,0.536,0.011,0.023,8,True,close_below_ema,15,0.008,67,0.2537313432835821,-81.654347863333,-5470.841306843311,-0.5470841306843311
240,short_cand_077_ETH_USDT__4h_ema15_dist0.008,short_cand_077_ETH_USDT,ETH/USDT,short,90,20,0.236,0.536,0.011,0.023,8,True,close_below_ema,15,0.008,64,0.234375,-149.9733017949765,-9598.291314878496,-0.9598291314878495
